{
"type": "FeatureCollection",
"name": "AllNames",
"features": [
{ "type": "Feature", "properties": { "NAME": "Apache Fort", "NATIVE_AMERICAN_NAME": "ti'ihiineniicebtiit", "MEANING": "Apache Fort", "LOCATION": "Upper Beaver Meadows", "TRIBE": "Arapaho", "COMMENT": "ca. 1838 battle with Apache", "COUNTY": "Larimer", "LATITUDE": 40.36975097, "LONGITUDE": -105.6153989, "ObjectId": "1", "GlobalID": "{0F4B4710-BA07-473B-8563-492E44083783}", "CreationDate": "2022-06-14 20:18:33", "Creator": "Seth.Greer_ucboulder", "EditDate": "2022-06-29 22:51:55", "Editor": "Seth.Greer_ucboulder" }, "geometry": { "type": "Point", "coordinates": [ -105.6153989, 40.369751 ] } },
{ "type": "Feature", "properties": { "NAME": "Baker Mountain/Pass", "NATIVE_AMERICAN_NAME": "heeyeisoono' toh'ou3i'i", "MEANING": "Where Sparrow Hawk's Young Hang", "LOCATION": "Kawuneeche Valley", "TRIBE": "Arapaho", "COMMENT": "", "COUNTY": "Grand", "LATITUDE": 40.37958345, "LONGITUDE": -105.90418, "ObjectId": "2", "GlobalID": "{6F1474AE-2CC9-42A8-919E-724372C1CC74}", "CreationDate": "2022-06-14 20:18:33", "Creator": "Seth.Greer_ucboulder", "EditDate": "2022-06-14 20:18:33", "Editor": "Seth.Greer_ucboulder" }, "geometry": { "type": "Point", "coordinates": [ -105.90418, 40.3795834 ] } },
{ "type": "Feature", "properties": { "NAME": "Baker-Brooks Meadow", "NATIVE_AMERICAN_NAME": "heebe3iboo3etiit", "MEANING": "Big Battle", "LOCATION": "Kawuneeche Valley", "TRIBE": "Arapaho", "COMMENT": "1863 Battle site a mile below Arapahoe Race Course (niitohnonouhti' or Hendricks Flats)", "COUNTY": "Grand", "LATITUDE": 40.35843221, "LONGITUDE": -105.8614306, "ObjectId": "3", "GlobalID": "{B0339B7A-C8E7-4455-8C9A-7E8933388020}", "CreationDate": "2022-06-14 20:18:33", "Creator": "Seth.Greer_ucboulder", "EditDate": "2022-07-03 16:50:49", "Editor": "Seth.Greer_ucboulder" }, "geometry": { "type": "Point", "coordinates": [ -105.8614306, 40.3584322 ] } },
{ "type": "Feature", "properties": { "NAME": "Glacier Basin", "NATIVE_AMERICAN_NAME": "heetohso'owu'", "MEANING": "Where the Land is Flat", "LOCATION": "Glacier Basin ", "TRIBE": "Arapaho", "COMMENT": "", "COUNTY": "Larimer", "LATITUDE": 40.32019643, "LONGITUDE": -105.5955161, "ObjectId": "4", "GlobalID": "{44DCE2FC-171B-4DEE-BA4C-9911CB09B227}", "CreationDate": "2022-06-14 20:18:33", "Creator": "Seth.Greer_ucboulder", "EditDate": "2022-06-29 23:08:09", "Editor": "Seth.Greer_ucboulder" }, "geometry": { "type": "Point", "coordinates": [ -105.5955161, 40.3201964 ] } },
{ "type": "Feature", "properties": { "NAME": "Bearpaws Peaks", "NATIVE_AMERICAN_NAME": "woxse'eihtoo", "MEANING": "Bear Paw", "LOCATION": "North Park", "TRIBE": "Arapaho", "COMMENT": "Area includes Stones Peak and Mt. Julian", "COUNTY": "Jackson", "LATITUDE": 40.42350938, "LONGITUDE": -105.9721365, "ObjectId": "5", "GlobalID": "{9C35FF02-878E-4622-BBCB-B5CE56E996B6}", "CreationDate": "2022-06-14 20:18:33", "Creator": "Seth.Greer_ucboulder", "EditDate": "2022-06-29 23:09:35", "Editor": "Seth.Greer_ucboulder" }, "geometry": { "type": "Point", "coordinates": [ -105.9721365, 40.4235094 ] } },
{ "type": "Feature", "properties": { "NAME": "Beaver Creek", "NATIVE_AMERICAN_NAME": "bih'ihiikoh'owu'", "MEANING": "Deer Creek", "LOCATION": "Kawuneeche Valley", "TRIBE": "Arapaho", "COMMENT": "", "COUNTY": "Grand", "LATITUDE": 40.39224092, "LONGITUDE": -105.8359631, "ObjectId": "6", "GlobalID": "{09004D5D-3144-496D-A111-8ED4E0C8AD44}", "CreationDate": "2022-06-14 20:18:33", "Creator": "Seth.Greer_ucboulder", "EditDate": "2022-06-14 20:18:33", "Editor": "Seth.Greer_ucboulder" }, "geometry": { "type": "Point", "coordinates": [ -105.8359631, 40.3922409 ] } },
{ "type": "Feature", "properties": { "NAME": "Bierstadt Lake", "NATIVE_AMERICAN_NAME": "ni'ec honoute'", "MEANING": "Hanging Lake", "LOCATION": "Glacier Basin ", "TRIBE": "Arapaho", "COMMENT": "", "COUNTY": "Larimer", "LATITUDE": 40.3246848, "LONGITUDE": -105.6242296, "ObjectId": "7", "GlobalID": "{076B89BD-CA3B-495F-8979-B02DF926B117}", "CreationDate": "2022-06-14 20:18:33", "Creator": "Seth.Greer_ucboulder", "EditDate": "2022-06-29 23:11:18", "Editor": "Seth.Greer_ucboulder" }, "geometry": { "type": "Point", "coordinates": [ -105.6242296, 40.3246848 ] } },
{ "type": "Feature", "properties": { "NAME": "Big Creek Lake", "NATIVE_AMERICAN_NAME": "ni'eciikoh'owu'", "MEANING": "Lake Creek", "LOCATION": "North Park", "TRIBE": "Arapaho", "COMMENT": "Near Buffalo Pass", "COUNTY": "Jackson", "LATITUDE": 40.65888098, "LONGITUDE": -106.7320868, "ObjectId": "8", "GlobalID": "{DBEEF6B9-594B-42CB-8E27-9544A9A44F82}", "CreationDate": "2022-06-14 20:18:33", "Creator": "Seth.Greer_ucboulder", "EditDate": "2022-06-14 20:18:33", "Editor": "Seth.Greer_ucboulder" }, "geometry": { "type": "Point", "coordinates": [ -106.7320868, 40.658881 ] } },
{ "type": "Feature", "properties": { "NAME": "Big Meadows/Tonahutu", "NATIVE_AMERICAN_NAME": "toonoxutee'", "MEANING": "Big Meadow", "LOCATION": "Big Meadow", "TRIBE": "Arapaho", "COMMENT": "", "COUNTY": "Grand", "LATITUDE": 40.30828778, "LONGITUDE": -105.8089786, "ObjectId": "9", "GlobalID": "{F2594172-291D-4515-95B6-0F181FD82671}", "CreationDate": "2022-06-14 20:18:33", "Creator": "Seth.Greer_ucboulder", "EditDate": "2022-06-29 23:14:09", "Editor": "Seth.Greer_ucboulder" }, "geometry": { "type": "Point", "coordinates": [ -105.8089786, 40.3082878 ] } },
{ "type": "Feature", "properties": { "NAME": "Big Thompson River", "NATIVE_AMERICAN_NAME": "hiicooo", "MEANING": "The Pipe River", "LOCATION": "Estes Park", "TRIBE": "Arapaho", "COMMENT": "\"Where pipes were made\" aka \"Sage Chicken\"", "COUNTY": "Larimer", "LATITUDE": 40.35493772, "LONGITUDE": -105.5553114, "ObjectId": "10", "GlobalID": "{EE67FD4B-80B0-47F7-9273-8C53EB2019CC}", "CreationDate": "2022-06-14 20:18:33", "Creator": "Seth.Greer_ucboulder", "EditDate": "2022-06-29 23:15:54", "Editor": "Seth.Greer_ucboulder" }, "geometry": { "type": "Point", "coordinates": [ -105.5553114, 40.3549377 ] } },
{ "type": "Feature", "properties": { "NAME": "Blue River", "NATIVE_AMERICAN_NAME": "biisee3 tih'iikou'uni'", "MEANING": "Where Blue Paint was Gathered", "LOCATION": "Middle Park", "TRIBE": "Arapaho", "COMMENT": "Souce of paint near Kremmling", "COUNTY": "Grand", "LATITUDE": 40.02655877, "LONGITUDE": -106.3859682, "ObjectId": "11", "GlobalID": "{C5449108-A101-4593-9AAA-A7E9F3D81D92}", "CreationDate": "2022-06-14 20:18:33", "Creator": "Seth.Greer_ucboulder", "EditDate": "2022-06-14 20:18:33", "Editor": "Seth.Greer_ucboulder" }, "geometry": { "type": "Point", "coordinates": [ -106.3859682, 40.0265588 ] } },
{ "type": "Feature", "properties": { "NAME": "Boulder Brook", "NATIVE_AMERICAN_NAME": "ce'eiinoonoohoet", "MEANING": "Rawhide Dish", "LOCATION": "Estes Park", "TRIBE": "Arapaho", "COMMENT": "On north side of Longs Peak", "COUNTY": "Larimer", "LATITUDE": 40.29513128, "LONGITUDE": -105.6181217, "ObjectId": "12", "GlobalID": "{41154196-25C6-401D-94D9-D9CE3E8DC4A2}", "CreationDate": "2022-06-14 20:18:33", "Creator": "Seth.Greer_ucboulder", "EditDate": "2022-06-29 23:17:24", "Editor": "Seth.Greer_ucboulder" }, "geometry": { "type": "Point", "coordinates": [ -105.6181217, 40.2951313 ] } },
{ "type": "Feature", "properties": { "NAME": "Buckhorn Creek", "NATIVE_AMERICAN_NAME": "coo'oo'oe'", "MEANING": "Thick Brush", "LOCATION": "North Park", "TRIBE": "Arapaho", "COMMENT": "", "COUNTY": "Jackson", "LATITUDE": 40.23950872, "LONGITUDE": -106.3093161, "ObjectId": "13", "GlobalID": "{D2D41424-D5B1-4E82-BA1A-2EF593D27949}", "CreationDate": "2022-06-14 20:18:33", "Creator": "Seth.Greer_ucboulder", "EditDate": "2022-06-14 20:18:33", "Editor": "Seth.Greer_ucboulder" }, "geometry": { "type": "Point", "coordinates": [ -106.3093161, 40.2395087 ] } },
{ "type": "Feature", "properties": { "NAME": "Buffalo Mountain", "NATIVE_AMERICAN_NAME": "hii3einoteyoo'", "MEANING": "Buffalo Mountain", "LOCATION": "North Park", "TRIBE": "Arapaho", "COMMENT": "", "COUNTY": "Jackson", "LATITUDE": 40.51117693, "LONGITUDE": -106.7354084, "ObjectId": "14", "GlobalID": "{FD3964C6-B0D0-4190-AB91-B5A82D6B7643}", "CreationDate": "2022-06-14 20:18:33", "Creator": "Seth.Greer_ucboulder", "EditDate": "2022-06-14 20:18:33", "Editor": "Seth.Greer_ucboulder" }, "geometry": { "type": "Point", "coordinates": [ -106.7354084, 40.5111769 ] } },
{ "type": "Feature", "properties": { "NAME": "Buffalo Pass", "NATIVE_AMERICAN_NAME": "heneeceibooo", "MEANING": "Buffalo Trail", "LOCATION": "North Park", "TRIBE": "Arapaho", "COMMENT": "Fasting location", "COUNTY": "Jackson", "LATITUDE": 40.54255421, "LONGITUDE": -106.6842026, "ObjectId": "15", "GlobalID": "{84521570-4D51-4027-BF1E-92FF06521300}", "CreationDate": "2022-06-14 20:18:33", "Creator": "Seth.Greer_ucboulder", "EditDate": "2022-06-14 20:18:33", "Editor": "Seth.Greer_ucboulder" }, "geometry": { "type": "Point", "coordinates": [ -106.6842026, 40.5425542 ] } },
{ "type": "Feature", "properties": { "NAME": "Bull Frog Rock and Sheep Creek", "NATIVE_AMERICAN_NAME": "niiinon", "MEANING": "The Tipi", "LOCATION": "North Estes Park", "TRIBE": "Arapaho", "COMMENT": "Location unknown  UTM to show it was somewhere in area", "COUNTY": "Larimer", "LATITUDE": 40.41376687, "LONGITUDE": -105.4745032, "ObjectId": "16", "GlobalID": "{D80E93F6-2025-4C87-A2B6-00CBDCA6E40A}", "CreationDate": "2022-06-14 20:18:33", "Creator": "Seth.Greer_ucboulder", "EditDate": "2022-06-14 20:18:33", "Editor": "Seth.Greer_ucboulder" }, "geometry": { "type": "Point", "coordinates": [ -105.4745032, 40.4137669 ] } },
{ "type": "Feature", "properties": { "NAME": "Cabin Creek ", "NATIVE_AMERICAN_NAME": "woo3ee3i' hebesii", "MEANING": "Lots of Beaver ", "LOCATION": "Tahosa Valley", "TRIBE": "Arapaho", "COMMENT": "", "COUNTY": "Larimer", "LATITUDE": 40.24246175, "LONGITUDE": -105.5467494, "ObjectId": "17", "GlobalID": "{2E24D532-2090-45B1-8A4C-8E3BF6215AFA}", "CreationDate": "2022-06-14 20:18:33", "Creator": "Seth.Greer_ucboulder", "EditDate": "2022-06-14 20:18:33", "Editor": "Seth.Greer_ucboulder" }, "geometry": { "type": "Point", "coordinates": [ -105.5467494, 40.2424617 ] } },
{ "type": "Feature", "properties": { "NAME": "Chiefs Head Peak", "NATIVE_AMERICAN_NAME": "hookuhu'eeno", "MEANING": "Heads", "LOCATION": "Indian Peaks", "TRIBE": "Arapaho", "COMMENT": "", "COUNTY": "Boulder", "LATITUDE": 40.24762592, "LONGITUDE": -105.6395585, "ObjectId": "18", "GlobalID": "{BD36B8E4-B8BD-4780-93B5-182F74DC4E75}", "CreationDate": "2022-06-14 20:18:33", "Creator": "Seth.Greer_ucboulder", "EditDate": "2022-06-14 20:18:33", "Editor": "Seth.Greer_ucboulder" }, "geometry": { "type": "Point", "coordinates": [ -105.6395585, 40.2476259 ] } },
{ "type": "Feature", "properties": { "NAME": "Clark's Peak", "NATIVE_AMERICAN_NAME": "hiwoxuuhuunisoo'", "MEANING": "Elks Horn", "LOCATION": "Never Summer Range", "TRIBE": "Arapaho", "COMMENT": "", "COUNTY": "Grand", "LATITUDE": 40.60492123, "LONGITUDE": -105.9292421, "ObjectId": "19", "GlobalID": "{6AD6B3C2-031A-4B97-906D-477D6E325FD9}", "CreationDate": "2022-06-14 20:18:33", "Creator": "Seth.Greer_ucboulder", "EditDate": "2022-06-14 20:18:33", "Editor": "Seth.Greer_ucboulder" }, "geometry": { "type": "Point", "coordinates": [ -105.9292421, 40.6049212 ] } },
{ "type": "Feature", "properties": { "NAME": "Crystal Mountain", "NATIVE_AMERICAN_NAME": "hinooox hoono'uu", "MEANING": "Mica Hill", "LOCATION": "North Estes Park", "TRIBE": "Arapaho", "COMMENT": "", "COUNTY": "Larimer", "LATITUDE": 40.5369057, "LONGITUDE": -105.4298272, "ObjectId": "20", "GlobalID": "{BEA19E82-5A8B-405F-B989-B693902A5278}", "CreationDate": "2022-06-14 20:18:33", "Creator": "Seth.Greer_ucboulder", "EditDate": "2022-06-14 20:18:33", "Editor": "Seth.Greer_ucboulder" }, "geometry": { "type": "Point", "coordinates": [ -105.4298272, 40.5369057 ] } },
{ "type": "Feature", "properties": { "NAME": "Cub Lake", "NATIVE_AMERICAN_NAME": "tihnoo'oenootee' ni'eci'", "MEANING": "Where there was a Camp around a Lake", "LOCATION": "Moraine Park", "TRIBE": "Arapaho", "COMMENT": "", "COUNTY": "Larimer", "LATITUDE": 40.34429663, "LONGITUDE": -105.6425429, "ObjectId": "21", "GlobalID": "{BF9F8116-CE1A-4891-BCC6-C721E62EB3EF}", "CreationDate": "2022-06-14 20:18:33", "Creator": "Seth.Greer_ucboulder", "EditDate": "2022-06-29 23:31:55", "Editor": "Seth.Greer_ucboulder" }, "geometry": { "type": "Point", "coordinates": [ -105.6425429, 40.3442966 ] } },
{ "type": "Feature", "properties": { "NAME": "Denver", "NATIVE_AMERICAN_NAME": "niineniiniicie", "MEANING": "Tallow River", "LOCATION": "Denver", "TRIBE": "Arapaho", "COMMENT": "", "COUNTY": "", "LATITUDE": 39.7392, "LONGITUDE": -104.9903, "ObjectId": "22", "GlobalID": "{CFDCC7B2-BF83-40C9-93EA-B3E04DB8E5CC}", "CreationDate": "2022-06-14 20:18:33", "Creator": "Seth.Greer_ucboulder", "EditDate": "2022-06-14 20:18:33", "Editor": "Seth.Greer_ucboulder" }, "geometry": { "type": "Point", "coordinates": [ -104.9903, 39.7392 ] } },
{ "type": "Feature", "properties": { "NAME": "Elk River", "NATIVE_AMERICAN_NAME": "neetookooneeniiciihehe'", "MEANING": "Drowning River", "LOCATION": "North Park", "TRIBE": "Arapaho", "COMMENT": "", "COUNTY": "Jackson", "LATITUDE": 40.48958855, "LONGITUDE": -106.9683514, "ObjectId": "23", "GlobalID": "{CD5492AA-DAE2-4161-8CD5-6EFCB3C10C30}", "CreationDate": "2022-06-14 20:18:33", "Creator": "Seth.Greer_ucboulder", "EditDate": "2022-06-14 20:18:33", "Editor": "Seth.Greer_ucboulder" }, "geometry": { "type": "Point", "coordinates": [ -106.9683514, 40.4895886 ] } },
{ "type": "Feature", "properties": { "NAME": "Estes Cone", "NATIVE_AMERICAN_NAME": "neneesoteyou'u", "MEANING": "Three Mountains", "LOCATION": "Estes Park", "TRIBE": "Arapaho", "COMMENT": "Names actually refers to Estes Cone, Wind River Cliffs, and a smaller adjacent mountain.", "COUNTY": "Larimer", "LATITUDE": 40.29337764, "LONGITUDE": -105.5664668, "ObjectId": "24", "GlobalID": "{3FAE2523-1920-4711-8B81-2322363E846C}", "CreationDate": "2022-06-14 20:18:33", "Creator": "Seth.Greer_ucboulder", "EditDate": "2022-06-29 23:43:02", "Editor": "Seth.Greer_ucboulder" }, "geometry": { "type": "Point", "coordinates": [ -105.5664668, 40.2933776 ] } },
{ "type": "Feature", "properties": { "NAME": "Estes Valley", "NATIVE_AMERICAN_NAME": "heetko'einoo'", "MEANING": "Where it is Circular", "LOCATION": "Estes Park", "TRIBE": "Arapaho", "COMMENT": "", "COUNTY": "Larimer", "LATITUDE": 40.3755245, "LONGITUDE": -105.5202587, "ObjectId": "25", "GlobalID": "{4C04422C-FF7D-4CA6-B906-F7AA4A674881}", "CreationDate": "2022-06-14 20:18:33", "Creator": "Seth.Greer_ucboulder", "EditDate": "2022-06-29 23:44:21", "Editor": "Seth.Greer_ucboulder" }, "geometry": { "type": "Point", "coordinates": [ -105.5202587, 40.3755245 ] } },
{ "type": "Feature", "properties": { "NAME": "Fall River", "NATIVE_AMERICAN_NAME": "hecesiicooo", "MEANING": "Little Pipe River", "LOCATION": "Estes Park", "TRIBE": "Arapaho", "COMMENT": "", "COUNTY": "Larimer", "LATITUDE": 40.4098261, "LONGITUDE": -105.6511093, "ObjectId": "26", "GlobalID": "{38666931-644E-45D6-B28E-DB0E4BD63990}", "CreationDate": "2022-06-14 20:18:33", "Creator": "Seth.Greer_ucboulder", "EditDate": "2022-06-14 20:18:33", "Editor": "Seth.Greer_ucboulder" }, "geometry": { "type": "Point", "coordinates": [ -105.6511093, 40.4098261 ] } },
{ "type": "Feature", "properties": { "NAME": "Flatiron Mountain", "NATIVE_AMERICAN_NAME": "neenowuxootei'i", "MEANING": "They Face to the North", "LOCATION": "Cache La Poudre", "TRIBE": "Arapaho", "COMMENT": "Guess: back of Mummy Range bordering the C La P", "COUNTY": "Larimer", "LATITUDE": 40.48248452, "LONGITUDE": -105.7106262, "ObjectId": "27", "GlobalID": "{FE241AD0-27F4-4FC0-B903-42F9C633A909}", "CreationDate": "2022-06-14 20:18:33", "Creator": "Seth.Greer_ucboulder", "EditDate": "2022-06-14 20:18:33", "Editor": "Seth.Greer_ucboulder" }, "geometry": { "type": "Point", "coordinates": [ -105.7106262, 40.4824845 ] } },
{ "type": "Feature", "properties": { "NAME": "Flattop Mountain", "NATIVE_AMERICAN_NAME": "heebe3booo", "MEANING": "Big Trail", "LOCATION": "Continental Divide", "TRIBE": "Arapaho", "COMMENT": "", "COUNTY": "Larimer", "LATITUDE": 40.30679989, "LONGITUDE": -105.6895647, "ObjectId": "28", "GlobalID": "{3B992E94-362D-4B81-A0D5-92581FA2ACD0}", "CreationDate": "2022-06-14 20:18:33", "Creator": "Seth.Greer_ucboulder", "EditDate": "2022-06-14 20:18:33", "Editor": "Seth.Greer_ucboulder" }, "geometry": { "type": "Point", "coordinates": [ -105.6895647, 40.3067999 ] } },
{ "type": "Feature", "properties": { "NAME": "Giant Track Mountain", "NATIVE_AMERICAN_NAME": "hinenitee tohnooxeihit", "MEANING": "Giant Tracks", "LOCATION": "Estes Park", "TRIBE": "Arapaho", "COMMENT": "", "COUNTY": "Larimer", "LATITUDE": 40.3452472, "LONGITUDE": -105.5489443, "ObjectId": "29", "GlobalID": "{51DDB99F-1880-43CA-AFD9-25D26BC8589B}", "CreationDate": "2022-06-14 20:18:33", "Creator": "Seth.Greer_ucboulder", "EditDate": "2022-06-14 20:18:33", "Editor": "Seth.Greer_ucboulder" }, "geometry": { "type": "Point", "coordinates": [ -105.5489443, 40.3452472 ] } },
{ "type": "Feature", "properties": { "NAME": "Grand Lake", "NATIVE_AMERICAN_NAME": "beteeni'ec", "MEANING": "Holy Lake", "LOCATION": "west of RMNP", "TRIBE": "Arapaho", "COMMENT": "", "COUNTY": "Grand", "LATITUDE": 40.2522, "LONGITUDE": -105.8231, "ObjectId": "31", "GlobalID": "{3ACC97FE-4365-4E01-A8CF-CE85B521AEC9}", "CreationDate": "2022-06-14 20:18:33", "Creator": "Seth.Greer_ucboulder", "EditDate": "2022-06-14 20:18:33", "Editor": "Seth.Greer_ucboulder" }, "geometry": { "type": "Point", "coordinates": [ -105.8231, 40.2522 ] } },
{ "type": "Feature", "properties": { "NAME": "Grand Lake", "NATIVE_AMERICAN_NAME": "heebe3ni'ec", "MEANING": "Big Lake", "LOCATION": "west of RMNP", "TRIBE": "Arapaho", "COMMENT": "", "COUNTY": "Grand", "LATITUDE": 40.2522, "LONGITUDE": -105.8231, "ObjectId": "32", "GlobalID": "{43C0C56C-165C-494F-8BC1-B7E7A3D2AC1D}", "CreationDate": "2022-06-14 20:18:33", "Creator": "Seth.Greer_ucboulder", "EditDate": "2022-06-14 20:18:33", "Editor": "Seth.Greer_ucboulder" }, "geometry": { "type": "Point", "coordinates": [ -105.8231, 40.2522 ] } },
{ "type": "Feature", "properties": { "NAME": "Grand Lake area", "NATIVE_AMERICAN_NAME": "ce'eiinox", "MEANING": "Game Bag", "LOCATION": "west of RMNP", "TRIBE": "Arapaho", "COMMENT": "", "COUNTY": "", "LATITUDE": 40.2522, "LONGITUDE": -105.8231, "ObjectId": "33", "GlobalID": "{21C34396-C903-4634-90B4-F037387FF424}", "CreationDate": "2022-06-14 20:18:33", "Creator": "Seth.Greer_ucboulder", "EditDate": "2022-06-14 20:18:33", "Editor": "Seth.Greer_ucboulder" }, "geometry": { "type": "Point", "coordinates": [ -105.8231, 40.2522 ] } },
{ "type": "Feature", "properties": { "NAME": "Green Mountain ?", "NATIVE_AMERICAN_NAME": "nookhoosei'iini'", "MEANING": "Sage Hills", "LOCATION": "Kawuneeche Valley", "TRIBE": "Arapaho", "COMMENT": "Hills between Big Meadows Fork and North Fork of Grand", "COUNTY": "Grand", "LATITUDE": 40.29495336, "LONGITUDE": -105.8206088, "ObjectId": "34", "GlobalID": "{F52EF205-1947-4FBD-8799-C34F2C2C5F22}", "CreationDate": "2022-06-14 20:18:33", "Creator": "Seth.Greer_ucboulder", "EditDate": "2023-09-25 23:59:34", "Editor": "Katherine.Ide_ucboulder" }, "geometry": { "type": "Point", "coordinates": [ -105.8206088, 40.2949534 ] } },
{ "type": "Feature", "properties": { "NAME": "Hallett Peak", "NATIVE_AMERICAN_NAME": "bonoh'ooonoteyoo'", "MEANING": "Thunder Peak", "LOCATION": "Continental Divide", "TRIBE": "Arapaho", "COMMENT": "", "COUNTY": "Grand", "LATITUDE": 40.30073749, "LONGITUDE": -105.6848788, "ObjectId": "35", "GlobalID": "{25C8B61B-18D3-457B-984B-1A6BEDD3F7A6}", "CreationDate": "2022-06-14 20:18:33", "Creator": "Seth.Greer_ucboulder", "EditDate": "2022-06-14 20:18:33", "Editor": "Seth.Greer_ucboulder" }, "geometry": { "type": "Point", "coordinates": [ -105.6848788, 40.3007375 ] } },
{ "type": "Feature", "properties": { "NAME": "Haynach Lakes", "NATIVE_AMERICAN_NAME": "hiiinec", "MEANING": "Snow water", "LOCATION": "Grand Lake", "TRIBE": "Arapaho", "COMMENT": "", "COUNTY": "Grand", "LATITUDE": 40.34369622, "LONGITUDE": -105.7621869, "ObjectId": "36", "GlobalID": "{162808FD-4FCC-4B30-AB5F-0944CB6A8C4E}", "CreationDate": "2022-06-14 20:18:33", "Creator": "Seth.Greer_ucboulder", "EditDate": "2022-06-14 20:18:33", "Editor": "Seth.Greer_ucboulder" }, "geometry": { "type": "Point", "coordinates": [ -105.7621869, 40.3436962 ] } },
{ "type": "Feature", "properties": { "NAME": "Hedricks Flats", "NATIVE_AMERICAN_NAME": "niitohnonouhti'", "MEANING": "Where We Race", "LOCATION": "Kawuneeche Valley", "TRIBE": "Arapaho", "COMMENT": "8 mi no of GL; winter camp and horse racing track", "COUNTY": "Grand", "LATITUDE": 40.37341446, "LONGITUDE": -105.8565562, "ObjectId": "37", "GlobalID": "{53215E55-1071-4753-9F3E-191748991BED}", "CreationDate": "2022-06-14 20:18:33", "Creator": "Seth.Greer_ucboulder", "EditDate": "2022-06-14 20:18:33", "Editor": "Seth.Greer_ucboulder" }, "geometry": { "type": "Point", "coordinates": [ -105.8565562, 40.3734145 ] } },
{ "type": "Feature", "properties": { "NAME": "Horseshoe Park", "NATIVE_AMERICAN_NAME": "ciitoowuu'", "MEANING": "Inside the Lodge", "LOCATION": "Estes Park", "TRIBE": "Arapaho", "COMMENT": "", "COUNTY": "Larimer", "LATITUDE": 40.40019287, "LONGITUDE": -105.6153814, "ObjectId": "38", "GlobalID": "{F4C02A8B-AD03-40BB-87DD-E955667826DB}", "CreationDate": "2022-06-14 20:18:33", "Creator": "Seth.Greer_ucboulder", "EditDate": "2022-06-14 20:18:33", "Editor": "Seth.Greer_ucboulder" }, "geometry": { "type": "Point", "coordinates": [ -105.6153814, 40.4001929 ] } },
{ "type": "Feature", "properties": { "NAME": "Joe Wright Creek", "NATIVE_AMERICAN_NAME": "hiwoxuukoh'owu'", "MEANING": "Elk Creek", "LOCATION": "Never Summer Range", "TRIBE": "Arapaho", "COMMENT": "", "COUNTY": "Larimer", "LATITUDE": 40.52060139, "LONGITUDE": -105.8912568, "ObjectId": "39", "GlobalID": "{19EB8525-1C5D-412C-AE66-83C4930205B5}", "CreationDate": "2022-06-14 20:18:33", "Creator": "Seth.Greer_ucboulder", "EditDate": "2022-06-14 20:18:33", "Editor": "Seth.Greer_ucboulder" }, "geometry": { "type": "Point", "coordinates": [ -105.8912568, 40.5206014 ] } },
{ "type": "Feature", "properties": { "NAME": "Kaly Cook Springs", "NATIVE_AMERICAN_NAME": "hoh'onookeenooxeb", "MEANING": "Rock Spring", "LOCATION": "North Estes Park", "TRIBE": "Arapaho", "COMMENT": "aka Devils Washboard; Guess as to spring on USGS", "COUNTY": "Larimer", "LATITUDE": 40.40767843, "LONGITUDE": -105.4740833, "ObjectId": "40", "GlobalID": "{81F50AA4-34A7-436F-A04C-AC84B11D173F}", "CreationDate": "2022-06-14 20:18:33", "Creator": "Seth.Greer_ucboulder", "EditDate": "2022-06-14 20:18:33", "Editor": "Seth.Greer_ucboulder" }, "geometry": { "type": "Point", "coordinates": [ -105.4740833, 40.4076784 ] } },
{ "type": "Feature", "properties": { "NAME": "Kawuneeche Valley", "NATIVE_AMERICAN_NAME": "koo'ohwuuniicii", "MEANING": "Coyote River", "LOCATION": "Kawuneeche Valley", "TRIBE": "Arapaho", "COMMENT": "UTM Center of Valley", "COUNTY": "Grand", "LATITUDE": 40.32635262, "LONGITUDE": -105.859975, "ObjectId": "41", "GlobalID": "{0E8C55C5-96D9-469A-804C-67A6C377CD8C}", "CreationDate": "2022-06-14 20:18:33", "Creator": "Seth.Greer_ucboulder", "EditDate": "2022-06-14 20:18:33", "Editor": "Seth.Greer_ucboulder" }, "geometry": { "type": "Point", "coordinates": [ -105.859975, 40.3263526 ] } },
{ "type": "Feature", "properties": { "NAME": "Lake Haiyaha", "NATIVE_AMERICAN_NAME": "hoh'oooyoo'", "MEANING": "Rocks All Around", "LOCATION": "Glacier Gorge", "TRIBE": "Arapaho", "COMMENT": "", "COUNTY": "Larimer", "LATITUDE": 40.30266906, "LONGITUDE": -105.6562806, "ObjectId": "42", "GlobalID": "{13C27514-6CD9-4BA7-B05E-69244381C649}", "CreationDate": "2022-06-14 20:18:33", "Creator": "Seth.Greer_ucboulder", "EditDate": "2022-06-14 20:18:33", "Editor": "Seth.Greer_ucboulder" }, "geometry": { "type": "Point", "coordinates": [ -105.6562806, 40.3026691 ] } },
{ "type": "Feature", "properties": { "NAME": "Lake Nakoni", "NATIVE_AMERICAN_NAME": "", "MEANING": "traveling in circles", "LOCATION": "Grand Lake", "TRIBE": "Arapaho", "COMMENT": "Said to be the name of a Comanche Band", "COUNTY": "Grand", "LATITUDE": 40.26158913, "LONGITUDE": -105.7281839, "ObjectId": "43", "GlobalID": "{33AF780B-C683-441E-A160-511CB248B032}", "CreationDate": "2022-06-14 20:18:33", "Creator": "Seth.Greer_ucboulder", "EditDate": "2022-06-14 20:18:33", "Editor": "Seth.Greer_ucboulder" }, "geometry": { "type": "Point", "coordinates": [ -105.7281839, 40.2615891 ] } },
{ "type": "Feature", "properties": { "NAME": "Lily Lake", "NATIVE_AMERICAN_NAME": "hebesokoy", "MEANING": "Beaver Lodge", "LOCATION": "Tahosa Valley", "TRIBE": "Arapaho", "COMMENT": "", "COUNTY": "Larimer", "LATITUDE": 40.30451553, "LONGITUDE": -105.5376354, "ObjectId": "44", "GlobalID": "{EBE8F750-263D-44C0-A1AB-6AA6C4696B01}", "CreationDate": "2022-06-14 20:18:33", "Creator": "Seth.Greer_ucboulder", "EditDate": "2022-06-14 20:18:33", "Editor": "Seth.Greer_ucboulder" }, "geometry": { "type": "Point", "coordinates": [ -105.5376354, 40.3045155 ] } },
{ "type": "Feature", "properties": { "NAME": "Lily Mountain", "NATIVE_AMERICAN_NAME": "heebesokoyonoteyoo'", "MEANING": "Beaver Lodge Mountain", "LOCATION": "Tahosa Valley", "TRIBE": "Arapaho", "COMMENT": "", "COUNTY": "Larimer", "LATITUDE": 40.31562332, "LONGITUDE": -105.5416309, "ObjectId": "45", "GlobalID": "{B5C0FB27-C4BA-4167-862A-4C257E7EAD92}", "CreationDate": "2022-06-14 20:18:33", "Creator": "Seth.Greer_ucboulder", "EditDate": "2022-06-14 20:18:33", "Editor": "Seth.Greer_ucboulder" }, "geometry": { "type": "Point", "coordinates": [ -105.5416309, 40.3156233 ] } },
{ "type": "Feature", "properties": { "NAME": "Little Beaver Creek", "NATIVE_AMERICAN_NAME": "boo'oowu'", "MEANING": "Flows Red", "LOCATION": "North of ROMO", "TRIBE": "Arapaho", "COMMENT": "Minor creek: may be the South Fork of the Cache La Poudre", "COUNTY": "Larimer", "LATITUDE": 40.62124259, "LONGITUDE": -105.5225741, "ObjectId": "46", "GlobalID": "{3608993F-7E86-4177-B1F5-3D99CD8569B1}", "CreationDate": "2022-06-14 20:18:33", "Creator": "Seth.Greer_ucboulder", "EditDate": "2022-06-14 20:18:33", "Editor": "Seth.Greer_ucboulder" }, "geometry": { "type": "Point", "coordinates": [ -105.5225741, 40.6212426 ] } },
{ "type": "Feature", "properties": { "NAME": "Longs Peak", "NATIVE_AMERICAN_NAME": "neniisoteyou'u", "MEANING": "Two Mountains", "LOCATION": "Continental Divide", "TRIBE": "Arapaho", "COMMENT": "Indigenous name refers to both Longs and Meeker", "COUNTY": "Boulder", "LATITUDE": 40.25306778, "LONGITUDE": -105.6145758, "ObjectId": "47", "GlobalID": "{5E7203F4-00F4-442B-B7C4-AC9690FEE81D}", "CreationDate": "2022-06-14 20:18:33", "Creator": "Seth.Greer_ucboulder", "EditDate": "2022-07-03 17:02:29", "Editor": "Seth.Greer_ucboulder" }, "geometry": { "type": "Point", "coordinates": [ -105.6145758, 40.2530678 ] } },
{ "type": "Feature", "properties": { "NAME": "Longs Peak Inn Area", "NATIVE_AMERICAN_NAME": "hisei tih'iinoxowuso'oneit bes", "MEANING": "Where woman was killed", "LOCATION": "Estes Park", "TRIBE": "Arapaho", "COMMENT": "Best Guess at location", "COUNTY": "Boulder", "LATITUDE": 40.27853049, "LONGITUDE": -105.5458165, "ObjectId": "48", "GlobalID": "{634385A7-270E-4098-9F70-DC4F4743597E}", "CreationDate": "2022-06-14 20:18:33", "Creator": "Seth.Greer_ucboulder", "EditDate": "2022-07-03 17:03:14", "Editor": "Seth.Greer_ucboulder" }, "geometry": { "type": "Point", "coordinates": [ -105.5458165, 40.2785305 ] } },
{ "type": "Feature", "properties": { "NAME": "Lulu Pass", "NATIVE_AMERICAN_NAME": "booh'ooni3esoo'", "MEANING": "Thunder Pass", "LOCATION": "Never Summer Range", "TRIBE": "Arapaho", "COMMENT": "", "COUNTY": "Grand", "LATITUDE": 40.47796661, "LONGITUDE": -105.870625, "ObjectId": "49", "GlobalID": "{4F67D14F-D131-4D27-AB2E-654DCC1D6A8A}", "CreationDate": "2022-06-14 20:18:33", "Creator": "Seth.Greer_ucboulder", "EditDate": "2022-06-14 20:18:33", "Editor": "Seth.Greer_ucboulder" }, "geometry": { "type": "Point", "coordinates": [ -105.870625, 40.4779666 ] } },
{ "type": "Feature", "properties": { "NAME": "Lumpy Ridge", "NATIVE_AMERICAN_NAME": "3ee3i'oteyou'u", "MEANING": "The Needles", "LOCATION": "Estes Park", "TRIBE": "Arapaho", "COMMENT": "", "COUNTY": "Larimer", "LATITUDE": 40.41176412, "LONGITUDE": -105.5369204, "ObjectId": "50", "GlobalID": "{1F31507C-B90E-46AA-975C-16894B63F84F}", "CreationDate": "2022-06-14 20:18:33", "Creator": "Seth.Greer_ucboulder", "EditDate": "2023-09-25 23:59:35", "Editor": "Katherine.Ide_ucboulder" }, "geometry": { "type": "Point", "coordinates": [ -105.5369204, 40.4117641 ] } },
{ "type": "Feature", "properties": { "NAME": "Manitou Springs", "NATIVE_AMERICAN_NAME": "beteenooxeb", "MEANING": "Holy Spring", "LOCATION": "City of Manitou Springs", "TRIBE": "Arapaho", "COMMENT": "", "COUNTY": "El Paso", "LATITUDE": 38.8576, "LONGITUDE": -104.9128, "ObjectId": "51", "GlobalID": "{750CB624-3A28-48C1-BC88-C01CD3B90E31}", "CreationDate": "2022-06-14 20:18:33", "Creator": "Seth.Greer_ucboulder", "EditDate": "2023-09-25 23:59:35", "Editor": "Katherine.Ide_ucboulder" }, "geometry": { "type": "Point", "coordinates": [ -104.9128, 38.8576 ] } },
{ "type": "Feature", "properties": { "NAME": "McCreery Hill Spring", "NATIVE_AMERICAN_NAME": "bih'ihiikoh'owu'", "MEANING": "Deer Creek", "LOCATION": "North Estes Park", "TRIBE": "Arapaho", "COMMENT": "Guess as to spring on USGS", "COUNTY": "Larimer", "LATITUDE": 40.4218364, "LONGITUDE": -105.472945, "ObjectId": "52", "GlobalID": "{35BD5C92-705E-4D7F-9E01-00C9DECF787B}", "CreationDate": "2022-06-14 20:18:33", "Creator": "Seth.Greer_ucboulder", "EditDate": "2022-06-14 20:18:33", "Editor": "Seth.Greer_ucboulder" }, "geometry": { "type": "Point", "coordinates": [ -105.472945, 40.4218364 ] } },
{ "type": "Feature", "properties": { "NAME": "Michigan River", "NATIVE_AMERICAN_NAME": "bei'i'einiiciihehe'", "MEANING": "Little Shell Creek", "LOCATION": "Never Summer Range", "TRIBE": "Arapaho", "COMMENT": "Fossils can be found on lower end of creek", "COUNTY": "Jackson", "LATITUDE": 40.48074285, "LONGITUDE": -105.8834854, "ObjectId": "53", "GlobalID": "{E1898F30-4EFC-4DF4-80B6-28E4075D7175}", "CreationDate": "2022-06-14 20:18:33", "Creator": "Seth.Greer_ucboulder", "EditDate": "2022-06-14 20:18:33", "Editor": "Seth.Greer_ucboulder" }, "geometry": { "type": "Point", "coordinates": [ -105.8834854, 40.4807428 ] } },
{ "type": "Feature", "properties": { "NAME": "Mills Lake", "NATIVE_AMERICAN_NAME": "teiitooni'ec", "MEANING": "Still Lake", "LOCATION": "Glacier Basin  ", "TRIBE": "Arapaho", "COMMENT": "", "COUNTY": "Larimer", "LATITUDE": 40.28656677, "LONGITUDE": -105.5223995, "ObjectId": "54", "GlobalID": "{F0553891-8443-472B-928D-6EB293168A6E}", "CreationDate": "2022-06-14 20:18:33", "Creator": "Seth.Greer_ucboulder", "EditDate": "2022-06-14 20:18:33", "Editor": "Seth.Greer_ucboulder" }, "geometry": { "type": "Point", "coordinates": [ -105.5223995, 40.2865668 ] } },
{ "type": "Feature", "properties": { "NAME": "Needles", "NATIVE_AMERICAN_NAME": "3ee3i'oteyoo'", "MEANING": "Lumpy Mountain", "LOCATION": "Estes Park", "TRIBE": "Arapaho", "COMMENT": "", "COUNTY": "Larimer", "LATITUDE": 40.41358893, "LONGITUDE": -105.5492872, "ObjectId": "55", "GlobalID": "{FF798787-29B9-4CE9-BAA1-5C960AAFE990}", "CreationDate": "2022-06-14 20:18:33", "Creator": "Seth.Greer_ucboulder", "EditDate": "2022-06-14 20:18:33", "Editor": "Seth.Greer_ucboulder" }, "geometry": { "type": "Point", "coordinates": [ -105.5492872, 40.4135889 ] } },
{ "type": "Feature", "properties": { "NAME": "Neota Mountain", "NATIVE_AMERICAN_NAME": "hote' hitee", "MEANING": "Mountain Sheep's Heart", "LOCATION": "Never Summer Range", "TRIBE": "Arapaho", "COMMENT": "", "COUNTY": "Larimer", "LATITUDE": 40.47814101, "LONGITUDE": -105.8617791, "ObjectId": "56", "GlobalID": "{02BB10DF-B104-4B60-96EC-E00578EB1391}", "CreationDate": "2022-06-14 20:18:33", "Creator": "Seth.Greer_ucboulder", "EditDate": "2022-06-14 20:18:33", "Editor": "Seth.Greer_ucboulder" }, "geometry": { "type": "Point", "coordinates": [ -105.8617791, 40.478141 ] } },
{ "type": "Feature", "properties": { "NAME": "Never Summer Mountains", "NATIVE_AMERICAN_NAME": "niiciibiicei'i", "MEANING": "It is Never Summer", "LOCATION": "Kawuneeche Valley", "TRIBE": "Arapaho", "COMMENT": "UTM Center of Mountain Range", "COUNTY": "Grand", "LATITUDE": 40.39886385, "LONGITUDE": -105.9040373, "ObjectId": "57", "GlobalID": "{DE0EA3FA-7338-4FA5-ACAE-20105AD81C0E}", "CreationDate": "2022-06-14 20:18:33", "Creator": "Seth.Greer_ucboulder", "EditDate": "2022-06-14 20:18:33", "Editor": "Seth.Greer_ucboulder" }, "geometry": { "type": "Point", "coordinates": [ -105.9040373, 40.3988638 ] } },
{ "type": "Feature", "properties": { "NAME": "Niwot City", "NATIVE_AMERICAN_NAME": "nowoo3", "MEANING": "Chiefs Name; Left Hand. Arapaho Chief", "LOCATION": "Eastern Colorodo", "TRIBE": "Arapaho", "COMMENT": "Lefthand Canyon was named after fur trapper Andrew Sublette in the area in the 1830s.", "COUNTY": "Boulder", "LATITUDE": 40.1039, "LONGITUDE": -105.1708, "ObjectId": "58", "GlobalID": "{AC2ED36E-17E1-4C16-AF87-21977C5BC024}", "CreationDate": "2022-06-14 20:18:33", "Creator": "Seth.Greer_ucboulder", "EditDate": "2022-06-14 20:18:33", "Editor": "Seth.Greer_ucboulder" }, "geometry": { "type": "Point", "coordinates": [ -105.1708, 40.1039 ] } },
{ "type": "Feature", "properties": { "NAME": "Niwot Mountain", "NATIVE_AMERICAN_NAME": "nowoo3", "MEANING": "Chiefs Name; Left Hand. Arapaho Chief", "LOCATION": "Indian Peaks", "TRIBE": "Arapaho", "COMMENT": " ", "COUNTY": "Boulder", "LATITUDE": 40.05679604, "LONGITUDE": -105.5520162, "ObjectId": "59", "GlobalID": "{7F11B418-9274-4C66-B33F-D5C374A2C9CE}", "CreationDate": "2022-06-14 20:18:33", "Creator": "Seth.Greer_ucboulder", "EditDate": "2022-06-14 20:18:33", "Editor": "Seth.Greer_ucboulder" }, "geometry": { "type": "Point", "coordinates": [ -105.5520162, 40.056796 ] } },
{ "type": "Feature", "properties": { "NAME": "Nokhu Craggs", "NATIVE_AMERICAN_NAME": "nohuux", "MEANING": "Saw-Tooth Mountain or Eagles nest", "LOCATION": "Never Summer Range", "TRIBE": "Arapaho", "COMMENT": "", "COUNTY": "Grand", "LATITUDE": 40.48254525, "LONGITUDE": -105.8927826, "ObjectId": "60", "GlobalID": "{96DBF466-775D-4720-9C28-F22D42F08019}", "CreationDate": "2022-06-14 20:18:33", "Creator": "Seth.Greer_ucboulder", "EditDate": "2022-06-14 20:18:33", "Editor": "Seth.Greer_ucboulder" }, "geometry": { "type": "Point", "coordinates": [ -105.8927826, 40.4825453 ] } },
{ "type": "Feature", "properties": { "NAME": "North Park", "NATIVE_AMERICAN_NAME": "heneeceibooo", "MEANING": "Buffalo Road", "LOCATION": "North Park", "TRIBE": "Arapaho", "COMMENT": "", "COUNTY": "Jackson", "LATITUDE": 40.9, "LONGITUDE": -106.3089, "ObjectId": "61", "GlobalID": "{44CCD0A7-E714-4D9E-B70E-B6C7B8FF69EE}", "CreationDate": "2022-06-14 20:18:33", "Creator": "Seth.Greer_ucboulder", "EditDate": "2022-06-14 20:18:33", "Editor": "Seth.Greer_ucboulder" }, "geometry": { "type": "Point", "coordinates": [ -106.3089, 40.9 ] } },
{ "type": "Feature", "properties": { "NAME": "Notchtop Mountain", "NATIVE_AMERICAN_NAME": "hoteinetihii", "MEANING": "Mountain Sheeps Trail", "LOCATION": "Continental Divide", "TRIBE": "Arapaho", "COMMENT": "", "COUNTY": "Grand", "LATITUDE": 40.31705612, "LONGITUDE": -105.6934589, "ObjectId": "62", "GlobalID": "{A67BE2A1-8E01-4955-9693-84949534548C}", "CreationDate": "2022-06-14 20:18:33", "Creator": "Seth.Greer_ucboulder", "EditDate": "2022-06-14 20:18:33", "Editor": "Seth.Greer_ucboulder" }, "geometry": { "type": "Point", "coordinates": [ -105.6934589, 40.3170561 ] } },
{ "type": "Feature", "properties": { "NAME": "Old Man Mountain", "NATIVE_AMERICAN_NAME": "hinen toh3i'okut", "MEANING": "Where a Man is Sitting", "LOCATION": "Estes Park", "TRIBE": "Arapaho", "COMMENT": "Site for fasting", "COUNTY": "Larimer", "LATITUDE": 40.37685476, "LONGITUDE": -105.5424979, "ObjectId": "63", "GlobalID": "{7567983A-BDAD-4957-BBF7-7CD099715659}", "CreationDate": "2022-06-14 20:18:33", "Creator": "Seth.Greer_ucboulder", "EditDate": "2022-06-14 20:18:33", "Editor": "Seth.Greer_ucboulder" }, "geometry": { "type": "Point", "coordinates": [ -105.5424979, 40.3768548 ] } },
{ "type": "Feature", "properties": { "NAME": "Onahu Creek", "NATIVE_AMERICAN_NAME": "hoonouhut", "MEANING": "warms himself", "LOCATION": "Kawuneeche Valley", "TRIBE": "Arapaho", "COMMENT": "aka Fish Creek ", "COUNTY": "Grand", "LATITUDE": 40.31505737, "LONGITUDE": -105.8462383, "ObjectId": "64", "GlobalID": "{DF22468A-5FCD-4DE2-91E6-1E7EE4E90460}", "CreationDate": "2022-06-14 20:18:33", "Creator": "Seth.Greer_ucboulder", "EditDate": "2022-06-14 20:18:33", "Editor": "Seth.Greer_ucboulder" }, "geometry": { "type": "Point", "coordinates": [ -105.8462383, 40.3150574 ] } },
{ "type": "Feature", "properties": { "NAME": "Owl Canyon", "NATIVE_AMERICAN_NAME": "hookoh'o' heetohwoo3ee3ei'", "MEANING": "Where there are Many Miller Moths", "LOCATION": "Front Range", "TRIBE": "Arapaho", "COMMENT": "", "COUNTY": "Larimer", "LATITUDE": 40.7625, "LONGITUDE": -105.1755, "ObjectId": "65", "GlobalID": "{948AD140-6B0D-43B2-B02D-B97FD030B664}", "CreationDate": "2022-06-14 20:18:33", "Creator": "Seth.Greer_ucboulder", "EditDate": "2022-06-14 20:18:33", "Editor": "Seth.Greer_ucboulder" }, "geometry": { "type": "Point", "coordinates": [ -105.1755, 40.7625 ] } },
{ "type": "Feature", "properties": { "NAME": "Park on West Creek", "NATIVE_AMERICAN_NAME": "woo'teenehi3i' niih'eikuhnee3i'", "MEANING": "Where Utes were Scattered", "LOCATION": "North Estes Park", "TRIBE": "Arapaho", "COMMENT": "Near Devils Gulch; see West Creek Park", "COUNTY": "Larimer", "LATITUDE": 40.4482996, "LONGITUDE": -105.4517859, "ObjectId": "66", "GlobalID": "{3A331C76-BD3D-4D14-9911-CA946D81C96E}", "CreationDate": "2022-06-14 20:18:33", "Creator": "Seth.Greer_ucboulder", "EditDate": "2022-06-14 20:18:33", "Editor": "Seth.Greer_ucboulder" }, "geometry": { "type": "Point", "coordinates": [ -105.4517859, 40.4482996 ] } },
{ "type": "Feature", "properties": { "NAME": "Pikes Peak", "NATIVE_AMERICAN_NAME": "heeyoteyoo'", "MEANING": "Long or Tall Mountain", "LOCATION": "Front Range", "TRIBE": "Arapaho", "COMMENT": "", "COUNTY": "El Paso", "LATITUDE": 38.8409, "LONGITUDE": -105.0423, "ObjectId": "67", "GlobalID": "{BCAEA794-17B9-45C8-B86C-92F0480C00F7}", "CreationDate": "2022-06-14 20:18:33", "Creator": "Seth.Greer_ucboulder", "EditDate": "2022-06-14 20:18:33", "Editor": "Seth.Greer_ucboulder" }, "geometry": { "type": "Point", "coordinates": [ -105.0423, 38.8409 ] } },
{ "type": "Feature", "properties": { "NAME": "Porphyry Peaks", "NATIVE_AMERICAN_NAME": "hite3ounokoy", "MEANING": "Crane Lodge", "LOCATION": "South Grand Lake", "TRIBE": "Arapaho", "COMMENT": "", "COUNTY": "Grand", "LATITUDE": 40.28171561, "LONGITUDE": -105.9450111, "ObjectId": "68", "GlobalID": "{3790B224-1511-49EF-84F0-4B47B31B0085}", "CreationDate": "2022-06-14 20:18:33", "Creator": "Seth.Greer_ucboulder", "EditDate": "2022-06-14 20:18:33", "Editor": "Seth.Greer_ucboulder" }, "geometry": { "type": "Point", "coordinates": [ -105.9450111, 40.2817156 ] } },
{ "type": "Feature", "properties": { "NAME": "Upper Poudre Valley", "NATIVE_AMERICAN_NAME": "ce'eiinox", "MEANING": "Game Bag", "LOCATION": "Cache La Poudre", "TRIBE": "Arapaho", "COMMENT": "Game bags also in Middle Park and north of Estes Park", "COUNTY": "Larimer", "LATITUDE": 40.49787386, "LONGITUDE": -105.7361964, "ObjectId": "69", "GlobalID": "{6AADA60E-D2BE-45AD-968D-BA235EDE3CF2}", "CreationDate": "2022-06-14 20:18:33", "Creator": "Seth.Greer_ucboulder", "EditDate": "2022-07-05 22:19:03", "Editor": "Seth.Greer_ucboulder" }, "geometry": { "type": "Point", "coordinates": [ -105.7361964, 40.4978739 ] } },
{ "type": "Feature", "properties": { "NAME": "Prospect Mountain", "NATIVE_AMERICAN_NAME": "biixuut", "MEANING": "The Shirt", "LOCATION": "Estes Park", "TRIBE": "Arapaho", "COMMENT": "", "COUNTY": "Larimer", "LATITUDE": 40.35760709, "LONGITUDE": -105.5218521, "ObjectId": "70", "GlobalID": "{18DF07C5-9555-4AE6-B881-55CC4A7D5953}", "CreationDate": "2022-06-14 20:18:33", "Creator": "Seth.Greer_ucboulder", "EditDate": "2022-06-14 20:18:33", "Editor": "Seth.Greer_ucboulder" }, "geometry": { "type": "Point", "coordinates": [ -105.5218521, 40.3576071 ] } },
{ "type": "Feature", "properties": { "NAME": "Sage Brush Flats ", "NATIVE_AMERICAN_NAME": "nookhoosei'iini'", "MEANING": "There is Lots of Sagebrush", "LOCATION": "Grand Lake", "TRIBE": "Arapaho", "COMMENT": "Guess at location", "COUNTY": "Grand", "LATITUDE": 40.24471535, "LONGITUDE": -105.8472192, "ObjectId": "71", "GlobalID": "{2C107E30-8D4E-4970-B93C-9118449713F1}", "CreationDate": "2022-06-14 20:18:33", "Creator": "Seth.Greer_ucboulder", "EditDate": "2022-06-14 20:18:33", "Editor": "Seth.Greer_ucboulder" }, "geometry": { "type": "Point", "coordinates": [ -105.8472192, 40.2447153 ] } },
{ "type": "Feature", "properties": { "NAME": "Sand Creek (Big Sandy Creek)", "NATIVE_AMERICAN_NAME": "noobeiniicie", "MEANING": "Sand River", "LOCATION": "eastern Colorado", "TRIBE": "Arapaho", "COMMENT": "likely modern loan translation from English", "COUNTY": "", "LATITUDE": 38.5482, "LONGITUDE": -102.511, "ObjectId": "72", "GlobalID": "{A4A54425-74E0-4086-9FEA-F0B9E1F7D92E}", "CreationDate": "2022-06-14 20:18:33", "Creator": "Seth.Greer_ucboulder", "EditDate": "2022-06-14 20:18:33", "Editor": "Seth.Greer_ucboulder" }, "geometry": { "type": "Point", "coordinates": [ -102.511, 38.5482 ] } },
{ "type": "Feature", "properties": { "NAME": "Seven Utes Mountain", "NATIVE_AMERICAN_NAME": "niisootoxu3i' heetohwo'teenehi3i'", "MEANING": "The Seven Utes", "LOCATION": "Never Summer Range", "TRIBE": "Arapaho", "COMMENT": "Battle site between Arapaho and Ute", "COUNTY": "Grand", "LATITUDE": 40.47645879, "LONGITUDE": -105.9344997, "ObjectId": "73", "GlobalID": "{28727872-89C8-42A9-B270-41096001F7D0}", "CreationDate": "2022-06-14 20:18:33", "Creator": "Seth.Greer_ucboulder", "EditDate": "2022-06-14 20:18:33", "Editor": "Seth.Greer_ucboulder" }, "geometry": { "type": "Point", "coordinates": [ -105.9344997, 40.4764588 ] } },
{ "type": "Feature", "properties": { "NAME": "Signal Peak", "NATIVE_AMERICAN_NAME": "honooxoenoteyoo'", "MEANING": "Wolf Mountain", "LOCATION": "North Estes Park", "TRIBE": "Arapaho", "COMMENT": "Guess: USGS South Signal Mountain", "COUNTY": "Larimer", "LATITUDE": 40.51691891, "LONGITUDE": -105.5168171, "ObjectId": "74", "GlobalID": "{6DF3C106-4118-4565-BA87-13F3DEF5F864}", "CreationDate": "2022-06-14 20:18:33", "Creator": "Seth.Greer_ucboulder", "EditDate": "2022-06-14 20:18:33", "Editor": "Seth.Greer_ucboulder" }, "geometry": { "type": "Point", "coordinates": [ -105.5168171, 40.5169189 ] } },
{ "type": "Feature", "properties": { "NAME": "Specimen Mountain", "NATIVE_AMERICAN_NAME": "heetohxouu'oo'", "MEANING": "Where it Smokes", "LOCATION": "Kawuneeche Valley", "TRIBE": "Arapaho", "COMMENT": "", "COUNTY": "Grand", "LATITUDE": 40.44384401, "LONGITUDE": -105.8068636, "ObjectId": "75", "GlobalID": "{CB3F583C-1855-42C7-B05E-3BA7979130C2}", "CreationDate": "2022-06-14 20:18:33", "Creator": "Seth.Greer_ucboulder", "EditDate": "2022-06-14 20:18:33", "Editor": "Seth.Greer_ucboulder" }, "geometry": { "type": "Point", "coordinates": [ -105.8068636, 40.443844 ] } },
{ "type": "Feature", "properties": { "NAME": "Steep Mountain", "NATIVE_AMERICAN_NAME": "heneecee teesnoh'kuhneet", "MEANING": "Buffalo Bull Chased up to the Top", "LOCATION": "Moraine Park", "TRIBE": "Arapaho", "COMMENT": "", "COUNTY": "Larimer", "LATITUDE": 40.34119675, "LONGITUDE": -105.624582, "ObjectId": "76", "GlobalID": "{DFB4F088-9FCA-4889-A319-670550D7382D}", "CreationDate": "2022-06-14 20:18:33", "Creator": "Seth.Greer_ucboulder", "EditDate": "2022-06-14 20:18:33", "Editor": "Seth.Greer_ucboulder" }, "geometry": { "type": "Point", "coordinates": [ -105.624582, 40.3411968 ] } },
{ "type": "Feature", "properties": { "NAME": "Stones Peak to Mount Julian and intervening area", "NATIVE_AMERICAN_NAME": "woxse'eihtoo", "MEANING": "The Bear Paws", "LOCATION": "Continental Divide", "TRIBE": "Arapaho", "COMMENT": "", "COUNTY": "Grand", "LATITUDE": 40.35237265, "LONGITUDE": -105.7199038, "ObjectId": "77", "GlobalID": "{595D04DC-8F6D-47E0-AC36-29FA0C44D52E}", "CreationDate": "2022-06-14 20:18:33", "Creator": "Seth.Greer_ucboulder", "EditDate": "2022-06-14 20:18:33", "Editor": "Seth.Greer_ucboulder" }, "geometry": { "type": "Point", "coordinates": [ -105.7199038, 40.3523726 ] } },
{ "type": "Feature", "properties": { "NAME": "Strawberry Creek", "NATIVE_AMERICAN_NAME": "bih'ihiikoh'owu'", "MEANING": "Deer Creek", "LOCATION": "South Grand Lake", "TRIBE": "Arapaho", "COMMENT": "", "COUNTY": "Grand", "LATITUDE": 40.0766561, "LONGITUDE": -105.8592064, "ObjectId": "78", "GlobalID": "{CD0EC8A1-DF5B-4452-ABFD-67728598F4B6}", "CreationDate": "2022-06-14 20:18:33", "Creator": "Seth.Greer_ucboulder", "EditDate": "2022-06-14 20:18:33", "Editor": "Seth.Greer_ucboulder" }, "geometry": { "type": "Point", "coordinates": [ -105.8592064, 40.0766561 ] } },
{ "type": "Feature", "properties": { "NAME": "Table Mountain", "NATIVE_AMERICAN_NAME": "hiikono", "MEANING": "The Lungs", "LOCATION": "South Grand Lake", "TRIBE": "Arapaho", "COMMENT": "", "COUNTY": "Grand", "LATITUDE": 40.15820887, "LONGITUDE": -105.9031037, "ObjectId": "79", "GlobalID": "{8874D2A4-861A-439D-ABCE-3C5DCDBAB199}", "CreationDate": "2022-06-14 20:18:33", "Creator": "Seth.Greer_ucboulder", "EditDate": "2022-06-14 20:18:33", "Editor": "Seth.Greer_ucboulder" }, "geometry": { "type": "Point", "coordinates": [ -105.9031037, 40.1582089 ] } },
{ "type": "Feature", "properties": { "NAME": "Taylor Peak", "NATIVE_AMERICAN_NAME": "towonoxowoo[t]", "MEANING": "The Bangs", "LOCATION": "Continental Divide", "TRIBE": "Arapaho", "COMMENT": "For a Pawnee killed on the mountain", "COUNTY": "Grand", "LATITUDE": 40.27227768, "LONGITUDE": -105.6802279, "ObjectId": "80", "GlobalID": "{F89CCB3B-7E9F-4E24-BE82-0A6B27F72F25}", "CreationDate": "2022-06-14 20:18:33", "Creator": "Seth.Greer_ucboulder", "EditDate": "2022-06-14 20:18:33", "Editor": "Seth.Greer_ucboulder" }, "geometry": { "type": "Point", "coordinates": [ -105.6802279, 40.2722777 ] } },
{ "type": "Feature", "properties": { "NAME": "Thatchtop Mountain", "NATIVE_AMERICAN_NAME": "hii3einoon toh'ouuhut", "MEANING": "Buffalo Climb", "LOCATION": "Continental Divide", "TRIBE": "Arapaho", "COMMENT": "", "COUNTY": "Grand", "LATITUDE": 40.27703194, "LONGITUDE": -105.6525274, "ObjectId": "81", "GlobalID": "{8436F633-0355-4DD0-9D3B-DA64B535AEDB}", "CreationDate": "2022-06-14 20:18:33", "Creator": "Seth.Greer_ucboulder", "EditDate": "2022-06-14 20:18:33", "Editor": "Seth.Greer_ucboulder" }, "geometry": { "type": "Point", "coordinates": [ -105.6525274, 40.2770319 ] } },
{ "type": "Feature", "properties": { "NAME": "Twin Owls", "NATIVE_AMERICAN_NAME": "3ee3i'oteyoo'", "MEANING": "Twin Owls", "LOCATION": "Estes Park", "TRIBE": "Arapaho", "COMMENT": "", "COUNTY": "Larimer", "LATITUDE": 40.40156073, "LONGITUDE": -105.5162756, "ObjectId": "82", "GlobalID": "{C10F29AD-3360-430F-A5B9-4364701B3560}", "CreationDate": "2022-06-14 20:18:33", "Creator": "Seth.Greer_ucboulder", "EditDate": "2022-07-05 22:28:16", "Editor": "Seth.Greer_ucboulder" }, "geometry": { "type": "Point", "coordinates": [ -105.5162756, 40.4015607 ] } },
{ "type": "Feature", "properties": { "NAME": "Walden area (betw. Michigan and Illinois Rivers)", "NATIVE_AMERICAN_NAME": "beteesibiit", "MEANING": "Fasting", "LOCATION": "North Park", "TRIBE": "Arapaho", "COMMENT": "", "COUNTY": "Jackson", "LATITUDE": 40.7316, "LONGITUDE": -106.2836, "ObjectId": "83", "GlobalID": "{A644BC72-65C7-4ED3-9CF5-EB4B5246F3E1}", "CreationDate": "2022-06-14 20:18:33", "Creator": "Seth.Greer_ucboulder", "EditDate": "2022-06-14 20:18:33", "Editor": "Seth.Greer_ucboulder" }, "geometry": { "type": "Point", "coordinates": [ -106.2836, 40.7316 ] } },
{ "type": "Feature", "properties": { "NAME": "Unknown North Park", "NATIVE_AMERICAN_NAME": "tecenoo", "MEANING": "The Door", "LOCATION": "North Park", "TRIBE": "Arapaho", "COMMENT": "Door between North Park and Laramie Basin", "COUNTY": "Jackson", "LATITUDE": 40.9, "LONGITUDE": -106.3089, "ObjectId": "84", "GlobalID": "{68F190C3-B562-4D75-ABBE-AFE8C953E172}", "CreationDate": "2022-06-14 20:18:33", "Creator": "Seth.Greer_ucboulder", "EditDate": "2022-06-14 20:18:33", "Editor": "Seth.Greer_ucboulder" }, "geometry": { "type": "Point", "coordinates": [ -106.3089, 40.9 ] } },
{ "type": "Feature", "properties": { "NAME": "Watanga Mountain", "NATIVE_AMERICAN_NAME": "wo'teenkoo'oh", "MEANING": "Chiefs Name; black coyote.  Arapaho leader", "LOCATION": "Indian Peaks", "TRIBE": "Arapaho", "COMMENT": "Named by Colo Geographic Board", "COUNTY": "Grand", "LATITUDE": 40.1668592, "LONGITUDE": -105.7131722, "ObjectId": "85", "GlobalID": "{4F7C93CD-44CD-4507-8CED-2B434B73E5B1}", "CreationDate": "2022-06-14 20:18:33", "Creator": "Seth.Greer_ucboulder", "EditDate": "2022-06-14 20:18:33", "Editor": "Seth.Greer_ucboulder" }, "geometry": { "type": "Point", "coordinates": [ -105.7131722, 40.1668592 ] } },
{ "type": "Feature", "properties": { "NAME": "Watha Gulch", "NATIVE_AMERICAN_NAME": "wooxe", "MEANING": "knife", "LOCATION": "Eastern Colorado", "TRIBE": "Arapaho", "COMMENT": "", "COUNTY": "Larimer", "LATITUDE": 40.653315, "LONGITUDE": -105.34721, "ObjectId": "86", "GlobalID": "{8B9FEDC9-381A-445A-836F-6E0885162267}", "CreationDate": "2022-06-14 20:18:33", "Creator": "Seth.Greer_ucboulder", "EditDate": "2022-06-14 20:18:33", "Editor": "Seth.Greer_ucboulder" }, "geometry": { "type": "Point", "coordinates": [ -105.34721, 40.653315 ] } },
{ "type": "Feature", "properties": { "NAME": "West Creek Park", "NATIVE_AMERICAN_NAME": "heneecee tihtebiini3eet", "MEANING": "One-horned Buffalo Bull", "LOCATION": "North Estes Park", "TRIBE": "Arapaho", "COMMENT": "See Park on West Creek", "COUNTY": "Larimer", "LATITUDE": 40.43874002, "LONGITUDE": -105.4588908, "ObjectId": "87", "GlobalID": "{F9020839-0FDE-400B-8DED-1AB2C2793EF5}", "CreationDate": "2022-06-14 20:18:33", "Creator": "Seth.Greer_ucboulder", "EditDate": "2022-06-14 20:18:33", "Editor": "Seth.Greer_ucboulder" }, "geometry": { "type": "Point", "coordinates": [ -105.4588908, 40.43874 ] } },
{ "type": "Feature", "properties": { "NAME": "Willow Creek", "NATIVE_AMERICAN_NAME": "ce'eiinox", "MEANING": "Game Bag", "LOCATION": "Cache La Poudre", "TRIBE": "Arapaho", "COMMENT": "Guess at location", "COUNTY": "Larimer", "LATITUDE": 40.47599136, "LONGITUDE": -105.7761035, "ObjectId": "88", "GlobalID": "{FCB472D0-4C96-4619-BF38-8071B58FE6C4}", "CreationDate": "2022-06-14 20:18:33", "Creator": "Seth.Greer_ucboulder", "EditDate": "2022-06-14 20:18:33", "Editor": "Seth.Greer_ucboulder" }, "geometry": { "type": "Point", "coordinates": [ -105.7761035, 40.4759914 ] } },
{ "type": "Feature", "properties": { "NAME": "Mountain on east side of North Park", "NATIVE_AMERICAN_NAME": "heneeceinokoy", "MEANING": "Buffalo Lodge", "LOCATION": "North Park", "TRIBE": "Arapaho", "COMMENT": "Could refer to one or more of several peaks in Medicine Bow Range", "COUNTY": "", "ObjectId": "89", "GlobalID": "{0D429064-CF54-4A3D-A11E-C90971D49466}", "CreationDate": "2022-06-14 21:19:56", "Creator": "Seth.Greer_ucboulder", "EditDate": "2023-09-25 23:59:35", "Editor": "Katherine.Ide_ucboulder" }, "geometry": null },
{ "type": "Feature", "properties": { "NAME": "Milner Pass", "NATIVE_AMERICAN_NAME": "bih'iibooo", "MEANING": "Deer Trail", "LOCATION": "North Estes Park", "TRIBE": "Arapaho", "COMMENT": "Refers to the entirety of Milner Pass", "COUNTY": "Grand / Larimer", "LATITUDE": 40.41985, "LONGITUDE": -105.811424, "ObjectId": "90", "GlobalID": "{8065DC0C-A745-4F7E-8234-F95FC3C6F169}", "CreationDate": "2022-06-14 21:21:31", "Creator": "Seth.Greer_ucboulder", "EditDate": "2023-11-01 1:10:31", "Editor": "Katherine.Ide_ucboulder" }, "geometry": { "type": "Point", "coordinates": [ -105.811424, 40.41985 ] } },
{ "type": "Feature", "properties": { "NAME": "Chief Hosa Area", "NATIVE_AMERICAN_NAME": "houusoo", "MEANING": "Chiefs Name: Crow Offspring", "LOCATION": "", "TRIBE": "Arapaho", "COMMENT": "Named by CO Geographic Board", "COUNTY": "", "ObjectId": "91", "GlobalID": "{570527C8-BD11-4E0C-AA48-7AB5D073ECB7}", "CreationDate": "2022-06-14 21:24:38", "Creator": "Seth.Greer_ucboulder", "EditDate": "2022-06-14 21:25:36", "Editor": "Seth.Greer_ucboulder" }, "geometry": null },
{ "type": "Feature", "properties": { "NAME": "Area Connecting North Park and Laramie Basin", "NATIVE_AMERICAN_NAME": "tecenoo", "MEANING": "The Door", "LOCATION": "", "TRIBE": "Arapaho", "COMMENT": "Door between North Park and Laramie Basin", "COUNTY": "", "ObjectId": "92", "GlobalID": "{78DBACC7-7430-4D3F-9EF5-917D6B4E8E26}", "CreationDate": "2022-06-14 21:33:43", "Creator": "Seth.Greer_ucboulder", "EditDate": "2022-06-14 21:34:54", "Editor": "Seth.Greer_ucboulder" }, "geometry": null },
{ "type": "Feature", "properties": { "NAME": "Watha Gulch", "NATIVE_AMERICAN_NAME": "wooxe", "MEANING": "Knife", "LOCATION": "", "TRIBE": "Arapaho", "COMMENT": "", "COUNTY": "", "ObjectId": "93", "GlobalID": "{ECC1E405-2845-4577-8C6D-C684FC327ADC}", "CreationDate": "2022-06-14 21:35:38", "Creator": "Seth.Greer_ucboulder", "EditDate": "2022-06-14 21:36:28", "Editor": "Seth.Greer_ucboulder" }, "geometry": null },
{ "type": "Feature", "properties": { "NAME": "Arkansas River", "NATIVE_AMERICAN_NAME": "hohoheeniniicii", "MEANING": "Flint File River", "LOCATION": "", "TRIBE": "Arapaho", "COMMENT": "", "COUNTY": "", "ObjectId": "94", "GlobalID": "{D2C621FD-3DCB-4E2F-9AF7-11644942C9AF}", "CreationDate": "2022-06-29 22:53:26", "Creator": "Seth.Greer_ucboulder", "EditDate": "2022-06-29 22:53:58", "Editor": "Seth.Greer_ucboulder" }, "geometry": null },
{ "type": "Feature", "properties": { "NAME": "Arkansas River", "NATIVE_AMERICAN_NAME": "hohoheeniniicii", "MEANING": "Flint File River", "LOCATION": "", "TRIBE": "Arapaho", "COMMENT": "", "COUNTY": "", "ObjectId": "95", "GlobalID": "{80760333-6583-4B22-A178-44A40C5EB43D}", "CreationDate": "2022-06-29 22:58:45", "Creator": "Seth.Greer_ucboulder", "EditDate": "2022-06-29 22:59:11", "Editor": "Seth.Greer_ucboulder" }, "geometry": null },
{ "type": "Feature", "properties": { "NAME": "Arkansas River", "NATIVE_AMERICAN_NAME": "hohoheeniniicii", "MEANING": "Flint File River", "LOCATION": "", "TRIBE": "Arapaho", "COMMENT": "", "COUNTY": "", "ObjectId": "96", "GlobalID": "{8DC0FD26-307D-43CE-B880-7E2CD25C341B}", "CreationDate": "2022-06-29 23:01:05", "Creator": "Seth.Greer_ucboulder", "EditDate": "2022-06-29 23:01:28", "Editor": "Seth.Greer_ucboulder" }, "geometry": null },
{ "type": "Feature", "properties": { "NAME": "Cache la Poudre River", "NATIVE_AMERICAN_NAME": "ho'oowu' heetou'", "MEANING": "Where there is a House", "LOCATION": "", "TRIBE": "Arapaho", "COMMENT": "", "COUNTY": "", "ObjectId": "97", "GlobalID": "{7432BC21-1893-4E57-919C-38F29E22154F}", "CreationDate": "2022-06-29 23:21:07", "Creator": "Seth.Greer_ucboulder", "EditDate": "2022-06-29 23:21:45", "Editor": "Seth.Greer_ucboulder" }, "geometry": null },
{ "type": "Feature", "properties": { "NAME": "Mount Chauncey", "NATIVE_AMERICAN_NAME": "beiines heetohkokoyoo'", "MEANING": "Square Forts", "LOCATION": "", "TRIBE": "Arapaho", "COMMENT": "", "COUNTY": "", "ObjectId": "99", "GlobalID": "{16FE59B7-7FC0-405E-92CB-7D7989AF5484}", "CreationDate": "2022-06-29 23:23:28", "Creator": "Seth.Greer_ucboulder", "EditDate": "2022-06-29 23:23:55", "Editor": "Seth.Greer_ucboulder" }, "geometry": null },
{ "type": "Feature", "properties": { "NAME": "Cimarron River", "NATIVE_AMERICAN_NAME": "heneeceiniinie", "MEANING": "Buffalo Bull River", "LOCATION": "", "TRIBE": "Arapaho", "COMMENT": "", "COUNTY": "", "ObjectId": "100", "GlobalID": "{B550C179-B24F-4EF6-8631-3EECF09B2A10}", "CreationDate": "2022-06-29 23:25:45", "Creator": "Seth.Greer_ucboulder", "EditDate": "2022-06-29 23:26:15", "Editor": "Seth.Greer_ucboulder" }, "geometry": null },
{ "type": "Feature", "properties": { "NAME": "Mount Craig", "NATIVE_AMERICAN_NAME": "neneehii3ei'oteyoo'", "MEANING": "Middle Mountain", "LOCATION": "", "TRIBE": "Arapaho", "COMMENT": "Also known as Baldy Mountain", "COUNTY": "", "ObjectId": "101", "GlobalID": "{1AC23099-3734-4ACF-8C40-0342E8CD7127}", "CreationDate": "2022-06-29 23:28:45", "Creator": "Seth.Greer_ucboulder", "EditDate": "2022-06-29 23:41:55", "Editor": "Seth.Greer_ucboulder" }, "geometry": null },
{ "type": "Feature", "properties": { "NAME": "Deer Mountain", "NATIVE_AMERICAN_NAME": "cenii3oteyoo'", "MEANING": "Going-Inside Mountain", "LOCATION": "", "TRIBE": "Arapaho", "COMMENT": "", "COUNTY": "", "ObjectId": "102", "GlobalID": "{8839687F-307C-4794-816B-9EF90E7DB51A}", "CreationDate": "2022-06-29 23:33:41", "Creator": "Seth.Greer_ucboulder", "EditDate": "2022-06-29 23:34:59", "Editor": "Seth.Greer_ucboulder" }, "geometry": null },
{ "type": "Feature", "properties": { "NAME": "Mount Enentah", "NATIVE_AMERICAN_NAME": "hineniteenoteyoo'", "MEANING": "Person Mountain", "LOCATION": "", "TRIBE": "Arapaho", "COMMENT": "English name based on Arapaho", "COUNTY": "", "ObjectId": "103", "GlobalID": "{0BB64D03-ACF5-47E4-A16C-702CDF985731}", "CreationDate": "2022-06-29 23:38:47", "Creator": "Seth.Greer_ucboulder", "EditDate": "2022-06-29 23:39:47", "Editor": "Seth.Greer_ucboulder" }, "geometry": null },
{ "type": "Feature", "properties": { "NAME": "Fountain Creek", "NATIVE_AMERICAN_NAME": "konootoowu'", "MEANING": "Boiling Water", "LOCATION": "", "TRIBE": "Arapaho", "COMMENT": "", "COUNTY": "", "ObjectId": "104", "GlobalID": "{E622E590-6F3C-4EBA-97BE-3368849A05C2}", "CreationDate": "2022-07-03 2:02:25", "Creator": "Seth.Greer_ucboulder", "EditDate": "2022-07-03 2:03:16", "Editor": "Seth.Greer_ucboulder" }, "geometry": null },
{ "type": "Feature", "properties": { "NAME": "Fraser River", "NATIVE_AMERICAN_NAME": "benii3oonoo'", "MEANING": "It is Steep", "LOCATION": "", "TRIBE": "Arapaho", "COMMENT": "", "COUNTY": "", "ObjectId": "105", "GlobalID": "{97EB6F78-A846-42D0-BE4A-8CB605370DCC}", "CreationDate": "2022-07-03 2:04:24", "Creator": "Seth.Greer_ucboulder", "EditDate": "2022-07-03 2:04:36", "Editor": "Seth.Greer_ucboulder" }, "geometry": null },
{ "type": "Feature", "properties": { "NAME": "Fraser River", "NATIVE_AMERICAN_NAME": "benii3oonoo'", "MEANING": "It is Steep", "LOCATION": "", "TRIBE": "Arapaho", "COMMENT": "", "COUNTY": "", "ObjectId": "106", "GlobalID": "{D0AE8A9F-FCAE-43B6-9DA0-D2C231FA6A43}", "CreationDate": "2022-07-03 2:05:01", "Creator": "Seth.Greer_ucboulder", "EditDate": "2022-07-03 2:05:22", "Editor": "Seth.Greer_ucboulder" }, "geometry": null },
{ "type": "Feature", "properties": { "NAME": "Laramie River", "NATIVE_AMERICAN_NAME": "ne'iiniicie", "MEANING": "Goose River", "LOCATION": "", "TRIBE": "Arapaho", "COMMENT": "", "COUNTY": "", "ObjectId": "107", "GlobalID": "{0560DD34-39D8-41D1-A446-189C307C7017}", "CreationDate": "2022-07-03 16:55:41", "Creator": "Seth.Greer_ucboulder", "EditDate": "2022-07-03 16:56:07", "Editor": "Seth.Greer_ucboulder" }, "geometry": null },
{ "type": "Feature", "properties": { "NAME": "Lookout, Shadow and Echo Mountain", "NATIVE_AMERICAN_NAME": "beniisoteyoo'", "MEANING": "Piney Mountain", "LOCATION": "", "TRIBE": "Arapaho", "COMMENT": "", "COUNTY": "", "ObjectId": "108", "GlobalID": "{3368EA43-313D-4539-9DA9-CD9FDF74BDAC}", "CreationDate": "2022-07-03 17:06:38", "Creator": "Seth.Greer_ucboulder", "EditDate": "2022-07-03 17:07:10", "Editor": "Seth.Greer_ucboulder" }, "geometry": null },
{ "type": "Feature", "properties": { "NAME": "Mill's Lake", "NATIVE_AMERICAN_NAME": "teiitooni'ec", "MEANING": "Still Lake", "LOCATION": "", "TRIBE": "Arapaho", "COMMENT": "", "COUNTY": "", "ObjectId": "109", "GlobalID": "{A1BD8693-1124-44E1-AC99-EEC7435F1350}", "CreationDate": "2022-07-05 21:54:18", "Creator": "Seth.Greer_ucboulder", "EditDate": "2022-07-05 21:54:47", "Editor": "Seth.Greer_ucboulder" }, "geometry": null },
{ "type": "Feature", "properties": { "NAME": "Mummy Range", "NATIVE_AMERICAN_NAME": "nookbee3eino'", "MEANING": "White Owls", "LOCATION": "", "TRIBE": "Arapaho", "COMMENT": "Includes Chiquita, Chapin, Ypsilon, Fairtchild Mountains", "COUNTY": "", "ObjectId": "110", "GlobalID": "{70E1FFD3-8934-49DD-979C-A4939C24BC63}", "CreationDate": "2022-07-05 21:55:15", "Creator": "Seth.Greer_ucboulder", "EditDate": "2022-07-05 21:56:34", "Editor": "Seth.Greer_ucboulder" }, "geometry": null },
{ "type": "Feature", "properties": { "NAME": "Nisa Mountain", "NATIVE_AMERICAN_NAME": "niisoo", "MEANING": "Twin", "LOCATION": "", "TRIBE": "Arapaho", "COMMENT": "", "COUNTY": "", "ObjectId": "112", "GlobalID": "{BF4065DE-506A-4800-8F9E-2928A7036476}", "CreationDate": "2022-07-05 22:01:29", "Creator": "Seth.Greer_ucboulder", "EditDate": "2022-07-05 22:01:53", "Editor": "Seth.Greer_ucboulder" }, "geometry": null },
{ "type": "Feature", "properties": { "NAME": "North Platte River", "NATIVE_AMERICAN_NAME": "bei'i'einiicie", "MEANING": "Shell River", "LOCATION": "", "TRIBE": "Arapaho", "COMMENT": "", "COUNTY": "", "ObjectId": "113", "GlobalID": "{B85C9CB4-7D6B-4381-B2F0-BA52B153D54D}", "CreationDate": "2022-07-05 22:04:29", "Creator": "Seth.Greer_ucboulder", "EditDate": "2022-07-05 22:04:50", "Editor": "Seth.Greer_ucboulder" }, "geometry": null },
{ "type": "Feature", "properties": { "NAME": "North Platte River", "NATIVE_AMERICAN_NAME": "bei'i'einiicie", "MEANING": "Shell River", "LOCATION": "", "TRIBE": "Arapaho", "COMMENT": "", "COUNTY": "", "ObjectId": "114", "GlobalID": "{F26C055A-9AB8-42CD-A75A-3021BAC4F766}", "CreationDate": "2022-07-05 22:05:14", "Creator": "Seth.Greer_ucboulder", "EditDate": "2022-07-05 22:05:28", "Editor": "Seth.Greer_ucboulder" }, "geometry": null },
{ "type": "Feature", "properties": { "NAME": "Mount Olympus and two surrounding peaks", "NATIVE_AMERICAN_NAME": "neeneb3i'eiitei'i", "MEANING": "Faces to the Wind", "LOCATION": "", "TRIBE": "Arapaho", "COMMENT": "", "COUNTY": "", "ObjectId": "115", "GlobalID": "{6258A394-2EE3-4374-9059-494095875804}", "CreationDate": "2022-07-05 22:11:14", "Creator": "Seth.Greer_ucboulder", "EditDate": "2022-07-05 22:11:54", "Editor": "Seth.Greer_ucboulder" }, "geometry": null },
{ "type": "Feature", "properties": { "NAME": "Shadow, Lookout and Echo Mountains", "NATIVE_AMERICAN_NAME": "beniisoteyoo'", "MEANING": "Piney Mountain", "LOCATION": "", "TRIBE": "Arapaho", "COMMENT": "", "COUNTY": "", "ObjectId": "116", "GlobalID": "{4C06F4D7-FB2D-459C-8E6B-494D82627A30}", "CreationDate": "2022-07-05 22:20:08", "Creator": "Seth.Greer_ucboulder", "EditDate": "2022-07-05 22:20:36", "Editor": "Seth.Greer_ucboulder" }, "geometry": null },
{ "type": "Feature", "properties": { "NAME": "South Platte River", "NATIVE_AMERICAN_NAME": "niineniiniicie", "MEANING": "Tallow/Fat River", "LOCATION": "", "TRIBE": "Arapaho", "COMMENT": "", "COUNTY": "", "ObjectId": "117", "GlobalID": "{509B9B3D-A39E-4C82-AA12-B28A738665DE}", "CreationDate": "2022-07-05 22:21:05", "Creator": "Seth.Greer_ucboulder", "EditDate": "2022-07-05 22:21:36", "Editor": "Seth.Greer_ucboulder" }, "geometry": null },
{ "type": "Feature", "properties": { "NAME": "South Platte River", "NATIVE_AMERICAN_NAME": "niineniiniicie", "MEANING": "Tallow/Fat River", "LOCATION": "", "TRIBE": "Arapaho", "COMMENT": "", "COUNTY": "", "ObjectId": "118", "GlobalID": "{ECE60B29-653E-4E58-87AD-FA2E0DDA99DA}", "CreationDate": "2022-07-05 22:24:37", "Creator": "Seth.Greer_ucboulder", "EditDate": "2022-07-05 22:24:55", "Editor": "Seth.Greer_ucboulder" }, "geometry": null },
{ "type": "Feature", "properties": { "NAME": "Mount Wuh", "NATIVE_AMERICAN_NAME": "wox", "MEANING": "Bear", "LOCATION": "", "TRIBE": "Arapaho", "COMMENT": "Named by Supt Roger Toll in 1923", "COUNTY": "", "ObjectId": "119", "GlobalID": "{DD4F3234-57E9-4F27-8853-79997458679D}", "CreationDate": "2022-07-05 22:30:06", "Creator": "Seth.Greer_ucboulder", "EditDate": "2022-07-05 22:30:37", "Editor": "Seth.Greer_ucboulder" }, "geometry": null },
{ "type": "Feature", "properties": { "NAME": "Achonee, Mount", "NATIVE_AMERICAN_NAME": "ó‘kénėstse ", "MEANING": "Chiefs Name; Named by Colo Geographic Board", "LOCATION": "Indian Peaks", "TRIBE": "Cheyenne", "COMMENT": "Named for Cheyenne subchief One Eye killed at Sand Creek 1864", "COUNTY": "Grand", "LATITUDE": 40.74362694, "LONGITUDE": -105.6776998, "ObjectId": "1", "GlobalID": "{F1CD1817-039F-41BA-86B3-81EA5051287F}", "CreationDate": "2022-06-14 20:17:17", "Creator": "Seth.Greer_ucboulder", "EditDate": "2022-06-14 20:17:17", "Editor": "Seth.Greer_ucboulder" }, "geometry": { "type": "Point", "coordinates": [ -105.6776998, 40.7436269 ] } },
{ "type": "Feature", "properties": { "NAME": "Camp Amache", "NATIVE_AMERICAN_NAME": "amåhtóohe ?", "MEANING": "", "LOCATION": "Eastern Colorado", "TRIBE": "Cheyenne", "COMMENT": "WWII Japanese Relocation Center; Daugher of Cheynne Chief Ochinee", "COUNTY": "Prowers", "LATITUDE": 38.049444, "LONGITUDE": -102.328611, "ObjectId": "2", "GlobalID": "{70016B25-1929-4091-8979-23E383CED855}", "CreationDate": "2022-06-14 20:17:17", "Creator": "Seth.Greer_ucboulder", "EditDate": "2022-06-14 20:17:17", "Editor": "Seth.Greer_ucboulder" }, "geometry": { "type": "Point", "coordinates": [ -102.328611, 38.049444 ] } },
{ "type": "Feature", "properties": { "NAME": "Cheyenne County", "NATIVE_AMERICAN_NAME": "", "MEANING": "Tribe Name", "LOCATION": "Eastern Colorado", "TRIBE": "Cheyenne", "COMMENT": "Named by Colo Geographic Board", "COUNTY": "Cheyenne", "LATITUDE": 38.8003, "LONGITUDE": -102.6216, "ObjectId": "3", "GlobalID": "{9DE5ADC0-EC56-4469-BFBE-8688BDF91D1F}", "CreationDate": "2022-06-14 20:17:17", "Creator": "Seth.Greer_ucboulder", "EditDate": "2022-06-14 20:17:17", "Editor": "Seth.Greer_ucboulder" }, "geometry": { "type": "Point", "coordinates": [ -102.6216, 38.8003 ] } },
{ "type": "Feature", "properties": { "NAME": "Cheyenne Wells Town", "NATIVE_AMERICAN_NAME": "", "MEANING": "Tribe Name", "LOCATION": "Eastern Colorado", "TRIBE": "Cheyenne", "COMMENT": "Named by Colo Geographic Board", "COUNTY": "Cheyenne", "LATITUDE": 38.8214, "LONGITUDE": -102.3532, "ObjectId": "4", "GlobalID": "{DAB001DD-8909-448D-B5E0-F1618D566198}", "CreationDate": "2022-06-14 20:17:17", "Creator": "Seth.Greer_ucboulder", "EditDate": "2022-06-14 20:17:17", "Editor": "Seth.Greer_ucboulder" }, "geometry": { "type": "Point", "coordinates": [ -102.3532, 38.8214 ] } },
{ "type": "Feature", "properties": { "NAME": "Long's Peak", "NATIVE_AMERICAN_NAME": "", "MEANING": "Buffalo Lodge", "LOCATION": "", "TRIBE": "Cheyenne", "COMMENT": "", "COUNTY": "", "LATITUDE": 40.2549, "LONGITUDE": -105.616, "ObjectId": "5", "GlobalID": "{22DAED2B-079A-442D-8949-B6D1526D9AB7}", "CreationDate": "2022-06-14 20:17:17", "Creator": "Seth.Greer_ucboulder", "EditDate": "2022-06-14 20:17:17", "Editor": "Seth.Greer_ucboulder" }, "geometry": { "type": "Point", "coordinates": [ -105.616, 40.2549 ] } },
{ "type": "Feature", "properties": { "NAME": "Pikes Peak", "NATIVE_AMERICAN_NAME": "", "MEANING": "Bald Peak", "LOCATION": "Front Range", "TRIBE": "Cheyenne", "COMMENT": "", "COUNTY": "", "LATITUDE": 38.8409, "LONGITUDE": -105.0423, "ObjectId": "6", "GlobalID": "{5D1CC115-39B6-421D-BCC8-0184A8BEF5BE}", "CreationDate": "2022-06-14 20:17:17", "Creator": "Seth.Greer_ucboulder", "EditDate": "2022-06-14 20:17:17", "Editor": "Seth.Greer_ucboulder" }, "geometry": { "type": "Point", "coordinates": [ -105.0423, 38.8409 ] } },
{ "type": "Feature", "properties": { "NAME": "Salt Fork of the Arkansas", "NATIVE_AMERICAN_NAME": "", "MEANING": "Salt River", "LOCATION": "", "TRIBE": "Cheyenne", "COMMENT": "", "COUNTY": "", "LATITUDE": 37.177778, "LONGITUDE": -99.363333, "ObjectId": "7", "GlobalID": "{9705D7EE-9B84-4C66-8EEB-DB8577FEEB17}", "CreationDate": "2022-06-14 20:17:17", "Creator": "Seth.Greer_ucboulder", "EditDate": "2022-06-14 20:17:17", "Editor": "Seth.Greer_ucboulder" }, "geometry": { "type": "Point", "coordinates": [ -99.363333, 37.177778 ] } },
{ "type": "Feature", "properties": { "NAME": "Sand Creek (Big Sandy Creek)", "NATIVE_AMERICAN_NAME": "", "MEANING": "Dry Creek", "LOCATION": "eastern Colorado", "TRIBE": "Cheyenne", "COMMENT": "", "COUNTY": "", "LATITUDE": 38.5482, "LONGITUDE": -102.511, "ObjectId": "8", "GlobalID": "{C79B5427-33E4-4F19-8FD9-6CB3A222D2A5}", "CreationDate": "2022-06-14 20:17:17", "Creator": "Seth.Greer_ucboulder", "EditDate": "2022-06-14 20:17:17", "Editor": "Seth.Greer_ucboulder" }, "geometry": { "type": "Point", "coordinates": [ -102.511, 38.5482 ] } },
{ "type": "Feature", "properties": { "NAME": "Apishapa River", "NATIVE_AMERICAN_NAME": "oo'evótåhtsé-o'hé'e", "MEANING": "'Quarreling River'", "LOCATION": "", "TRIBE": "Cheyenne", "COMMENT": "", "COUNTY": "", "ObjectId": "10", "GlobalID": "{B245E281-4869-49D2-A818-26E99B81A250}", "CreationDate": "2022-09-14 18:30:19", "Creator": "Seth.Greer_ucboulder", "EditDate": "2022-09-14 18:31:17", "Editor": "Seth.Greer_ucboulder" }, "geometry": null },
{ "type": "Feature", "properties": { "NAME": "Arikaree River", "NATIVE_AMERICAN_NAME": "ononé-o'hé'e / ónone-ó'he'e", "MEANING": "'Arikara River'", "LOCATION": "", "TRIBE": "Cheyenne", "COMMENT": "Cf Cheyenne ónone 'Arikara'", "COUNTY": "", "ObjectId": "11", "GlobalID": "{81E05572-6008-4071-809E-4C929C23DAE0}", "CreationDate": "2022-09-14 18:33:05", "Creator": "Seth.Greer_ucboulder", "EditDate": "2022-09-14 19:43:19", "Editor": "Seth.Greer_ucboulder" }, "geometry": null },
{ "type": "Feature", "properties": { "NAME": "Arkansas River", "NATIVE_AMERICAN_NAME": "motsėsóo(e)né-o'hé'e", "MEANING": "'Flint Arrowhead River'", "LOCATION": "", "TRIBE": "Cheyenne", "COMMENT": "", "COUNTY": "", "ObjectId": "12", "GlobalID": "{034521F8-796A-481E-ADF5-F28A816B49B6}", "CreationDate": "2022-09-14 19:30:34", "Creator": "Seth.Greer_ucboulder", "EditDate": "2022-09-14 19:31:03", "Editor": "Seth.Greer_ucboulder" }, "geometry": null },
{ "type": "Feature", "properties": { "NAME": "Arkansas River", "NATIVE_AMERICAN_NAME": "motsėsóo(e)né-o'hé'e", "MEANING": "'Flint Arrowhead River'", "LOCATION": "", "TRIBE": "Cheyenne", "COMMENT": "", "COUNTY": "", "ObjectId": "13", "GlobalID": "{D728260A-F379-4186-96A5-47B32F518FA4}", "CreationDate": "2022-09-14 19:32:42", "Creator": "Seth.Greer_ucboulder", "EditDate": "2022-09-14 19:33:10", "Editor": "Seth.Greer_ucboulder" }, "geometry": null },
{ "type": "Feature", "properties": { "NAME": "Cimarron River", "NATIVE_AMERICAN_NAME": "hotoa(e)-o'hé'e / hotóa-ó'he'e", "MEANING": "'(Buffalo) Bull River'", "LOCATION": "", "TRIBE": "Cheyenne", "COMMENT": "Cf. Cheyenne hotóa-, newer name, borrowed from Comanche", "COUNTY": "", "ObjectId": "14", "GlobalID": "{BC46E832-991B-475D-B567-E416BE4CC10F}", "CreationDate": "2022-09-14 19:36:56", "Creator": "Seth.Greer_ucboulder", "EditDate": "2022-09-14 19:45:18", "Editor": "Seth.Greer_ucboulder" }, "geometry": null },
{ "type": "Feature", "properties": { "NAME": "Crow Creek", "NATIVE_AMERICAN_NAME": "ókohké-o'hé'e", "MEANING": "'Crow Creek'", "LOCATION": "", "TRIBE": "Cheyenne", "COMMENT": "Northern Cheyenne name. Cf. ókohke 'crow bird'", "COUNTY": "", "ObjectId": "15", "GlobalID": "{892D6743-9DED-4E69-915C-151B7B3439B1}", "CreationDate": "2022-09-14 19:40:13", "Creator": "Seth.Greer_ucboulder", "EditDate": "2022-09-14 19:41:02", "Editor": "Seth.Greer_ucboulder" }, "geometry": null },
{ "type": "Feature", "properties": { "NAME": "Crow Creek", "NATIVE_AMERICAN_NAME": "óoetané-o'hé'e", "MEANING": "'Crow Creek'", "LOCATION": "", "TRIBE": "Cheyenne", "COMMENT": "Southern Cheyenne name. Cf. óoetane 'Crow Indian'", "COUNTY": "", "ObjectId": "16", "GlobalID": "{C1B03B2E-BF93-42C9-B1A0-1CDFB9F51ED1}", "CreationDate": "2022-09-14 19:41:23", "Creator": "Seth.Greer_ucboulder", "EditDate": "2022-09-14 19:42:07", "Editor": "Seth.Greer_ucboulder" }, "geometry": null },
{ "type": "Feature", "properties": { "NAME": "Cimarron River", "NATIVE_AMERICAN_NAME": "no'otsehé-o'hé'e", "MEANING": "'Many Pipe Smoke River'", "LOCATION": "", "TRIBE": "Cheyenne", "COMMENT": "Cf Cheyenne no'otsehe 'smoke with others', older name, originally Sioux", "COUNTY": "", "ObjectId": "20", "GlobalID": "{98B25ED9-63C5-45E2-A18A-AB7960210B10}", "CreationDate": "2022-09-14 19:44:18", "Creator": "Seth.Greer_ucboulder", "EditDate": "2022-09-14 19:45:05", "Editor": "Seth.Greer_ucboulder" }, "geometry": null },
{ "type": "Feature", "properties": { "NAME": "Fountain Creek", "NATIVE_AMERICAN_NAME": "héesevó'te-o'hé'e", "MEANING": "'Seething River'", "LOCATION": "", "TRIBE": "Cheyenne", "COMMENT": "Cf. Cheyenne héesevo'ta- 'bubbling'", "COUNTY": "", "ObjectId": "21", "GlobalID": "{CE55B239-BFFA-4BDA-87C9-6CCA91F85030}", "CreationDate": "2022-09-14 19:46:49", "Creator": "Seth.Greer_ucboulder", "EditDate": "2022-09-14 19:47:38", "Editor": "Seth.Greer_ucboulder" }, "geometry": null },
{ "type": "Feature", "properties": { "NAME": "Arapaho Pass", "NATIVE_AMERICAN_NAME": "", "MEANING": "Tattoo", "LOCATION": "Indian Peaks", "TRIBE": "Crow", "COMMENT": "Named by Colo Geographic Board 1877", "COUNTY": "Grand", "LATITUDE": 40.01280932, "LONGITUDE": -105.6763913, "ObjectId": "1", "GlobalID": "{B30BED93-7F21-4D20-8F4F-BEEAA4E736F4}", "CreationDate": "2022-06-14 20:16:33", "Creator": "Seth.Greer_ucboulder", "EditDate": "2022-06-14 20:16:33", "Editor": "Seth.Greer_ucboulder" }, "geometry": { "type": "Point", "coordinates": [ -105.6763913, 40.0128093 ] } },
{ "type": "Feature", "properties": { "NAME": "Arapaho Peak - North", "NATIVE_AMERICAN_NAME": "", "MEANING": "Tattoo", "LOCATION": "Indian Peaks", "TRIBE": "Crow", "COMMENT": "Named by Colo Geographic Board 1877", "COUNTY": "Grand", "LATITUDE": 40.02460099, "LONGITUDE": -105.6499754, "ObjectId": "2", "GlobalID": "{2CA817E3-4D5A-4164-AE74-62FE23C204AD}", "CreationDate": "2022-06-14 20:16:33", "Creator": "Seth.Greer_ucboulder", "EditDate": "2022-06-14 20:16:33", "Editor": "Seth.Greer_ucboulder" }, "geometry": { "type": "Point", "coordinates": [ -105.6499754, 40.024601 ] } },
{ "type": "Feature", "properties": { "NAME": "Arapaho Peak - South", "NATIVE_AMERICAN_NAME": "", "MEANING": "Tattoo", "LOCATION": "Indian Peaks", "TRIBE": "Crow", "COMMENT": "Named by Colo Geographic Board 1877", "COUNTY": "Grand", "LATITUDE": 40.01777852, "LONGITUDE": -105.6487506, "ObjectId": "3", "GlobalID": "{CAF7BC86-43CB-4AAC-BF00-36756202CA3D}", "CreationDate": "2022-06-14 20:16:33", "Creator": "Seth.Greer_ucboulder", "EditDate": "2022-06-14 20:16:33", "Editor": "Seth.Greer_ucboulder" }, "geometry": { "type": "Point", "coordinates": [ -105.6487506, 40.0177785 ] } },
{ "type": "Feature", "properties": { "NAME": "Kiowa Peak", "NATIVE_AMERICAN_NAME": "", "MEANING": "Tribe Name; One of the Indian Peaks", "LOCATION": "Northern Colorado", "TRIBE": "Kiowa", "COMMENT": "Named by Colo Geographic Board", "COUNTY": "Boulder", "LATITUDE": 40.04589309, "LONGITUDE": -105.6233205, "ObjectId": "4", "GlobalID": "{8D55B7BB-050C-4B79-BA7D-CCB125B5B1BC}", "CreationDate": "2022-06-14 20:16:33", "Creator": "Seth.Greer_ucboulder", "EditDate": "2022-06-14 20:16:33", "Editor": "Seth.Greer_ucboulder" }, "geometry": { "type": "Point", "coordinates": [ -105.6233205, 40.0458931 ] } },
{ "type": "Feature", "properties": { "NAME": "Santanta Peak", "NATIVE_AMERICAN_NAME": "", "MEANING": "Chiefs Name; aka Satank", "LOCATION": "Indian Peaks", "TRIBE": "Kiowa", "COMMENT": "Named by Colo Geographic Board", "COUNTY": "Grand", "LATITUDE": 40.02375272, "LONGITUDE": -105.689191, "ObjectId": "5", "GlobalID": "{B3DA61DA-6F91-4D34-9083-A0C37EA2FE11}", "CreationDate": "2022-06-14 20:16:33", "Creator": "Seth.Greer_ucboulder", "EditDate": "2022-06-14 20:16:33", "Editor": "Seth.Greer_ucboulder" }, "geometry": { "type": "Point", "coordinates": [ -105.689191, 40.0237527 ] } },
{ "type": "Feature", "properties": { "NAME": "Arikaree Peak", "NATIVE_AMERICAN_NAME": "", "MEANING": "Elk Stag", "LOCATION": "Indian Peaks", "TRIBE": "Pawnee", "COMMENT": "Named by Colo Geographic Board 1914", "COUNTY": "Grand", "LATITUDE": 40.04452625, "LONGITUDE": -105.6377386, "ObjectId": "6", "GlobalID": "{6C8A1BC9-73A8-4C03-90CB-661403C29F44}", "CreationDate": "2022-06-14 20:16:33", "Creator": "Seth.Greer_ucboulder", "EditDate": "2022-06-14 20:16:33", "Editor": "Seth.Greer_ucboulder" }, "geometry": { "type": "Point", "coordinates": [ -105.6377386, 40.0445262 ] } },
{ "type": "Feature", "properties": { "NAME": "Parika Peak", "NATIVE_AMERICAN_NAME": "", "MEANING": "horn", "LOCATION": "Northern Colorado", "TRIBE": "Pawnee", "COMMENT": "Unknown who named it", "COUNTY": "Jackson", "LATITUDE": 40.3831858, "LONGITUDE": -105.9460036, "ObjectId": "7", "GlobalID": "{89EA03A9-3E43-4FA2-A2E3-29668B69D749}", "CreationDate": "2022-06-14 20:16:33", "Creator": "Seth.Greer_ucboulder", "EditDate": "2022-06-14 20:16:33", "Editor": "Seth.Greer_ucboulder" }, "geometry": { "type": "Point", "coordinates": [ -105.9460036, 40.3831858 ] } },
{ "type": "Feature", "properties": { "NAME": "Pawnee Peak", "NATIVE_AMERICAN_NAME": "", "MEANING": "Tribe Name; One of the Indian Peaks", "LOCATION": "Northern Colorado", "TRIBE": "Pawnee", "COMMENT": "Named by Colo Geographic Board", "COUNTY": "Grand", "LATITUDE": 40.07933377, "LONGITUDE": -105.6321872, "ObjectId": "8", "GlobalID": "{E447B956-C1CA-4CB5-ADCB-307D1BB278F4}", "CreationDate": "2022-06-14 20:16:33", "Creator": "Seth.Greer_ucboulder", "EditDate": "2022-06-14 20:16:33", "Editor": "Seth.Greer_ucboulder" }, "geometry": { "type": "Point", "coordinates": [ -105.6321872, 40.0793338 ] } },
{ "type": "Feature", "properties": { "NAME": "Antero Junction", "NATIVE_AMERICAN_NAME": "", "MEANING": "Chiefs Name; Unitah Ute Chief Antero", "LOCATION": "", "TRIBE": "Ute", "COMMENT": "Named by Colo Geographic Board", "COUNTY": "Park", "LATITUDE": 38.9233, "LONGITUDE": -105.9653, "ObjectId": "1", "GlobalID": "{21F75352-23E0-4FA1-9A8E-F70EB0D3B0AC}", "CreationDate": "2022-06-14 20:04:27", "Creator": "Seth.Greer_ucboulder", "EditDate": "2022-06-14 20:04:27", "Editor": "Seth.Greer_ucboulder" }, "geometry": { "type": "Point", "coordinates": [ -105.9653, 38.9233 ] } },
{ "type": "Feature", "properties": { "NAME": "Antero Reservoir", "NATIVE_AMERICAN_NAME": "", "MEANING": "Chiefs Name; Unitah Ute Chief Antero", "LOCATION": "", "TRIBE": "Ute", "COMMENT": "Named by Colo Geographic Board", "COUNTY": "Park", "LATITUDE": 38.9909, "LONGITUDE": -105.9054, "ObjectId": "2", "GlobalID": "{5A603295-5248-4DF0-AFED-F5A88EFD0C43}", "CreationDate": "2022-06-14 20:04:27", "Creator": "Seth.Greer_ucboulder", "EditDate": "2022-06-14 20:04:27", "Editor": "Seth.Greer_ucboulder" }, "geometry": { "type": "Point", "coordinates": [ -105.9054, 38.9909 ] } },
{ "type": "Feature", "properties": { "NAME": "Antero, Mount", "NATIVE_AMERICAN_NAME": "", "MEANING": "Chiefs Name; Unitah Ute Chief Antero", "LOCATION": "", "TRIBE": "Ute", "COMMENT": "Named by Colo Geographic Board", "COUNTY": "Chaffee", "LATITUDE": 38.6739, "LONGITUDE": -106.2467, "ObjectId": "3", "GlobalID": "{7D283DD3-79F9-478F-A7EF-86FF74892702}", "CreationDate": "2022-06-14 20:04:27", "Creator": "Seth.Greer_ucboulder", "EditDate": "2022-06-14 20:04:27", "Editor": "Seth.Greer_ucboulder" }, "geometry": { "type": "Point", "coordinates": [ -106.2467, 38.6739 ] } },
{ "type": "Feature", "properties": { "NAME": "Antora Peak", "NATIVE_AMERICAN_NAME": "", "MEANING": "Chiefs Name; Unitah Ute Chief Antero", "LOCATION": "", "TRIBE": "Ute", "COMMENT": "Possible variant name for Antero", "COUNTY": "Saguache", "LATITUDE": 38.325, "LONGITUDE": -106.2181, "ObjectId": "4", "GlobalID": "{AA1431EC-6B78-465E-9D24-8A0F61714287}", "CreationDate": "2022-06-14 20:04:27", "Creator": "Seth.Greer_ucboulder", "EditDate": "2022-06-14 20:04:27", "Editor": "Seth.Greer_ucboulder" }, "geometry": { "type": "Point", "coordinates": [ -106.2181, 38.325 ] } },
{ "type": "Feature", "properties": { "NAME": "Apishapa Pass", "NATIVE_AMERICAN_NAME": "", "MEANING": "Mossy water", "LOCATION": "Southeast Colorado", "TRIBE": "Ute", "COMMENT": "Pass at head of Apishapa River", "COUNTY": "Huerfano", "LATITUDE": 37.34851, "LONGITUDE": -105.02464, "ObjectId": "5", "GlobalID": "{407FDF86-086C-4E3A-BA35-22E65DEF0430}", "CreationDate": "2022-06-14 20:04:27", "Creator": "Seth.Greer_ucboulder", "EditDate": "2022-06-14 20:04:27", "Editor": "Seth.Greer_ucboulder" }, "geometry": { "type": "Point", "coordinates": [ -105.02464, 37.34851 ] } },
{ "type": "Feature", "properties": { "NAME": "Atchee Town", "NATIVE_AMERICAN_NAME": "", "MEANING": "Chiefs Name: bow or fathers younger brother", "LOCATION": "Central Colorado", "TRIBE": "Ute", "COMMENT": "Ute Chief", "COUNTY": "Garfield", "LATITUDE": 39.563, "LONGITUDE": -108.9129, "ObjectId": "6", "GlobalID": "{DCBB8684-D890-4B68-B411-4C60F239ED64}", "CreationDate": "2022-06-14 20:04:27", "Creator": "Seth.Greer_ucboulder", "EditDate": "2022-06-14 20:04:27", "Editor": "Seth.Greer_ucboulder" }, "geometry": { "type": "Point", "coordinates": [ -108.9129, 39.563 ] } },
{ "type": "Feature", "properties": { "NAME": "Awaiukut Plateau", "NATIVE_AMERICAN_NAME": "", "MEANING": "Chiefs Name: he's not coming", "LOCATION": "Western Colorado", "TRIBE": "Ute", "COMMENT": "Also spelled O-Wi-Yu-Kuts; Named by Colo Geographic Board ", "COUNTY": "Moffat", "LATITUDE": 39.1, "LONGITUDE": -109.1, "ObjectId": "7", "GlobalID": "{53E337C6-A94B-445D-9F05-DA19EF118AA8}", "CreationDate": "2022-06-14 20:04:27", "Creator": "Seth.Greer_ucboulder", "EditDate": "2022-06-14 20:04:27", "Editor": "Seth.Greer_ucboulder" }, "geometry": { "type": "Point", "coordinates": [ -109.1, 39.1 ] } },
{ "type": "Feature", "properties": { "NAME": "Chipeta", "NATIVE_AMERICAN_NAME": "", "MEANING": "A Spring", "LOCATION": "Southwest Colorado", "TRIBE": "Ute", "COMMENT": "Wife of Ute Chief Ouray -- name on several features", "COUNTY": "Many", "LATITUDE": 38.6811, "LONGITUDE": -108.009, "ObjectId": "8", "GlobalID": "{11EFDC66-0B0A-47AA-9CB2-3C3B816E10E8}", "CreationDate": "2022-06-14 20:04:27", "Creator": "Seth.Greer_ucboulder", "EditDate": "2022-06-14 20:04:27", "Editor": "Seth.Greer_ucboulder" }, "geometry": { "type": "Point", "coordinates": [ -108.009, 38.6811 ] } },
{ "type": "Feature", "properties": { "NAME": "Cochetopa Dome", "NATIVE_AMERICAN_NAME": "", "MEANING": "Buffalo Emerging", "LOCATION": "San Luis Valley", "TRIBE": "Ute", "COMMENT": "Source of obsidian", "COUNTY": "Saguache", "LATITUDE": 38.2267, "LONGITUDE": -106.7148, "ObjectId": "9", "GlobalID": "{71BE51FF-E4F5-4A79-B453-1321D9641181}", "CreationDate": "2022-06-14 20:04:27", "Creator": "Seth.Greer_ucboulder", "EditDate": "2022-06-14 20:04:27", "Editor": "Seth.Greer_ucboulder" }, "geometry": { "type": "Point", "coordinates": [ -106.7148, 38.2267 ] } },
{ "type": "Feature", "properties": { "NAME": "Cochetopa Pass", "NATIVE_AMERICAN_NAME": "", "MEANING": "Buffalo Emerging", "LOCATION": "San Luis Valley", "TRIBE": "Ute", "COMMENT": "Pass also called \"North Pass\" between San L and Gunnison", "COUNTY": "Saguache", "LATITUDE": 38.1629, "LONGITUDE": -106.5998, "ObjectId": "10", "GlobalID": "{5E7D0B19-307F-4F8E-96E6-2AE6E660DC54}", "CreationDate": "2022-06-14 20:04:27", "Creator": "Seth.Greer_ucboulder", "EditDate": "2022-06-14 20:04:27", "Editor": "Seth.Greer_ucboulder" }, "geometry": { "type": "Point", "coordinates": [ -106.5998, 38.1629 ] } },
{ "type": "Feature", "properties": { "NAME": "Colorow Mountain", "NATIVE_AMERICAN_NAME": "", "MEANING": "Chiefs Name: Red (?)", "LOCATION": "Several Locations", "TRIBE": "Ute", "COMMENT": "Ute Indian chief of Comanche origins", "COUNTY": "Rio Blanco", "LATITUDE": 40.1822, "LONGITUDE": -108.179, "ObjectId": "11", "GlobalID": "{D9EFB261-615F-4DDF-A67E-13D13B51A5BB}", "CreationDate": "2022-06-14 20:04:27", "Creator": "Seth.Greer_ucboulder", "EditDate": "2022-06-14 20:04:27", "Editor": "Seth.Greer_ucboulder" }, "geometry": { "type": "Point", "coordinates": [ -108.179, 40.1822 ] } },
{ "type": "Feature", "properties": { "NAME": "Comanche Peak", "NATIVE_AMERICAN_NAME": "", "MEANING": "Enemy Foreigner", "LOCATION": "Eastern Colorado", "TRIBE": "Ute", "COMMENT": "", "COUNTY": "Larimer", "LATITUDE": 32.2984, "LONGITUDE": -97.7853, "ObjectId": "12", "GlobalID": "{48840D48-6955-49CE-8D94-7CAFF0AEDD68}", "CreationDate": "2022-06-14 20:04:27", "Creator": "Seth.Greer_ucboulder", "EditDate": "2022-06-14 20:04:27", "Editor": "Seth.Greer_ucboulder" }, "geometry": { "type": "Point", "coordinates": [ -97.7853, 32.2984 ] } },
{ "type": "Feature", "properties": { "NAME": "Comanche Town", "NATIVE_AMERICAN_NAME": "", "MEANING": "Enemy Foreigner", "LOCATION": "Eastern Colorado", "TRIBE": "Ute", "COMMENT": "", "COUNTY": "Adams", "LATITUDE": 39.9855, "LONGITUDE": -104.3005, "ObjectId": "13", "GlobalID": "{495CE80F-6C9B-45A6-8F4E-10AB46CB20D4}", "CreationDate": "2022-06-14 20:04:27", "Creator": "Seth.Greer_ucboulder", "EditDate": "2022-06-14 20:04:27", "Editor": "Seth.Greer_ucboulder" }, "geometry": { "type": "Point", "coordinates": [ -104.3005, 39.9855 ] } },
{ "type": "Feature", "properties": { "NAME": "Curecanti Needle", "NATIVE_AMERICAN_NAME": "", "MEANING": "Chiefs Name; Curicata was a Tabeguache Ute Chief", "LOCATION": "Southern Colorado", "TRIBE": "Ute", "COMMENT": "Named by Colo Geographic Board", "COUNTY": "Gunnison", "LATITUDE": 38.448889, "LONGITUDE": -107.414167, "ObjectId": "14", "GlobalID": "{965D4912-9B26-434F-AA9E-C950EB2091F0}", "CreationDate": "2022-06-14 20:04:27", "Creator": "Seth.Greer_ucboulder", "EditDate": "2022-06-14 20:04:27", "Editor": "Seth.Greer_ucboulder" }, "geometry": { "type": "Point", "coordinates": [ -107.414167, 38.448889 ] } },
{ "type": "Feature", "properties": { "NAME": "Curecanti Pass", "NATIVE_AMERICAN_NAME": "", "MEANING": "Chiefs Name; Curicata was a Tabeguache Ute Chief", "LOCATION": "Southern Colorado", "TRIBE": "Ute", "COMMENT": "Named by Colo Geographic Board", "COUNTY": "Gunnison", "LATITUDE": 38.7089, "LONGITUDE": -107.3706, "ObjectId": "15", "GlobalID": "{A7E841BF-96C1-4FEE-8A03-0DCFA08D8A38}", "CreationDate": "2022-06-14 20:04:27", "Creator": "Seth.Greer_ucboulder", "EditDate": "2022-06-14 20:04:27", "Editor": "Seth.Greer_ucboulder" }, "geometry": { "type": "Point", "coordinates": [ -107.3706, 38.7089 ] } },
{ "type": "Feature", "properties": { "NAME": "Douglas Pass", "NATIVE_AMERICAN_NAME": "", "MEANING": "Chiefs Name; White River Ute Chief called \"Douglas\"", "LOCATION": "Eastern Colorado", "TRIBE": "Ute", "COMMENT": "Named by Colo Geographic Board", "COUNTY": "Garfield", "LATITUDE": 39.5975, "LONGITUDE": -108.8032, "ObjectId": "16", "GlobalID": "{DAF9FC8F-5752-4FEE-BFCB-ECB1C6E2F3F6}", "CreationDate": "2022-06-14 20:04:27", "Creator": "Seth.Greer_ucboulder", "EditDate": "2022-06-14 20:04:27", "Editor": "Seth.Greer_ucboulder" }, "geometry": { "type": "Point", "coordinates": [ -108.8032, 39.5975 ] } },
{ "type": "Feature", "properties": { "NAME": "Gateway", "NATIVE_AMERICAN_NAME": "", "MEANING": "", "LOCATION": "Western Colorado", "TRIBE": "Ute", "COMMENT": "So called because of location on old Ute Trail", "COUNTY": "Mesa", "LATITUDE": 38.6807, "LONGITUDE": -108.9769, "ObjectId": "17", "GlobalID": "{EEC6F6F9-2668-4BB4-9441-C005589AFE59}", "CreationDate": "2022-06-14 20:04:27", "Creator": "Seth.Greer_ucboulder", "EditDate": "2022-06-14 20:04:27", "Editor": "Seth.Greer_ucboulder" }, "geometry": { "type": "Point", "coordinates": [ -108.9769, 38.6807 ] } },
{ "type": "Feature", "properties": { "NAME": "Grand Lake", "NATIVE_AMERICAN_NAME": "", "MEANING": "Big, Holy, or Spirit Lake", "LOCATION": "Spirit Lake", "TRIBE": "Ute", "COMMENT": "", "COUNTY": "Grand", "LATITUDE": 40.24257082, "LONGITUDE": -105.8159199, "ObjectId": "18", "GlobalID": "{1B6228F8-C6A2-4E8A-9C82-CA46F166CFD8}", "CreationDate": "2022-06-14 20:04:27", "Creator": "Seth.Greer_ucboulder", "EditDate": "2022-06-14 20:04:27", "Editor": "Seth.Greer_ucboulder" }, "geometry": { "type": "Point", "coordinates": [ -105.8159199, 40.2425708 ] } },
{ "type": "Feature", "properties": { "NAME": "Hovenweep Canyon", "NATIVE_AMERICAN_NAME": "", "MEANING": "Bone Canyon", "LOCATION": "Southwest Colorado", "TRIBE": "Ute", "COMMENT": "", "COUNTY": "Montezuma", "LATITUDE": 37.3838, "LONGITUDE": -109.0726, "ObjectId": "19", "GlobalID": "{2569C358-15D4-4482-94B3-7CBE99E2FF2F}", "CreationDate": "2022-06-14 20:04:27", "Creator": "Seth.Greer_ucboulder", "EditDate": "2022-06-14 20:04:27", "Editor": "Seth.Greer_ucboulder" }, "geometry": { "type": "Point", "coordinates": [ -109.0726, 37.3838 ] } },
{ "type": "Feature", "properties": { "NAME": "Kannah", "NATIVE_AMERICAN_NAME": "", "MEANING": "Willow or Valley of Willows", "LOCATION": "Western Colorado", "TRIBE": "Ute", "COMMENT": "Town (?) and Creek on Gunnison River", "COUNTY": "Mesa", "LATITUDE": 38.9391, "LONGITUDE": -108.447, "ObjectId": "20", "GlobalID": "{184ED0E2-F1AE-438B-BDE6-7935CB4538C2}", "CreationDate": "2022-06-14 20:04:27", "Creator": "Seth.Greer_ucboulder", "EditDate": "2022-06-14 20:04:27", "Editor": "Seth.Greer_ucboulder" }, "geometry": { "type": "Point", "coordinates": [ -108.447, 38.9391 ] } },
{ "type": "Feature", "properties": { "NAME": "Longs Peak", "NATIVE_AMERICAN_NAME": "", "MEANING": "Beaver Mountain", "LOCATION": "Continental Divide", "TRIBE": "Ute", "COMMENT": "Ute Name", "COUNTY": "Boulder", "LATITUDE": 40.25271087, "LONGITUDE": -105.6156191, "ObjectId": "21", "GlobalID": "{5383F340-6AFC-4901-BF20-4A14C3AFA2CC}", "CreationDate": "2022-06-14 20:04:27", "Creator": "Seth.Greer_ucboulder", "EditDate": "2022-06-14 20:04:27", "Editor": "Seth.Greer_ucboulder" }, "geometry": { "type": "Point", "coordinates": [ -105.6156191, 40.2527109 ] } },
{ "type": "Feature", "properties": { "NAME": "Morapos", "NATIVE_AMERICAN_NAME": "", "MEANING": "something big", "LOCATION": "Northwestern Colorado", "TRIBE": "Ute", "COMMENT": "Could also be a Scottish name", "COUNTY": "Moffat", "LATITUDE": 40.181, "LONGITUDE": -108.4608, "ObjectId": "22", "GlobalID": "{7D828E9E-D2B3-457B-A25A-DECE038B7671}", "CreationDate": "2022-06-14 20:04:27", "Creator": "Seth.Greer_ucboulder", "EditDate": "2022-06-14 20:04:27", "Editor": "Seth.Greer_ucboulder" }, "geometry": { "type": "Point", "coordinates": [ -108.4608, 40.181 ] } },
{ "type": "Feature", "properties": { "NAME": "Narraguinnep Canyon", "NATIVE_AMERICAN_NAME": "", "MEANING": "battleground", "LOCATION": "Southwest Colorado", "TRIBE": "Ute", "COMMENT": "", "COUNTY": "Dolores", "LATITUDE": 37.6603, "LONGITUDE": -108.7345, "ObjectId": "23", "GlobalID": "{C26938A1-A472-4F1F-BA4B-7B504140AE4D}", "CreationDate": "2022-06-14 20:04:27", "Creator": "Seth.Greer_ucboulder", "EditDate": "2022-06-14 20:04:27", "Editor": "Seth.Greer_ucboulder" }, "geometry": { "type": "Point", "coordinates": [ -108.7345, 37.6603 ] } },
{ "type": "Feature", "properties": { "NAME": "Neva, Mount", "NATIVE_AMERICAN_NAME": "", "MEANING": "song; also nevo.  Brother of Chief Niwot", "LOCATION": "Northern Colorado", "TRIBE": "Ute", "COMMENT": " Named by Colo Geographic Board", "COUNTY": "Boulder", "LATITUDE": 40.00492521, "LONGITUDE": -105.6872209, "ObjectId": "24", "GlobalID": "{4D677855-1679-42E1-A3D3-123562249CC4}", "CreationDate": "2022-06-14 20:04:27", "Creator": "Seth.Greer_ucboulder", "EditDate": "2022-06-14 20:04:27", "Editor": "Seth.Greer_ucboulder" }, "geometry": { "type": "Point", "coordinates": [ -105.6872209, 40.0049252 ] } },
{ "type": "Feature", "properties": { "NAME": "Ouray County", "NATIVE_AMERICAN_NAME": "", "MEANING": "Chiefs Name: Ute", "LOCATION": "Western Colorado", "TRIBE": "Ute", "COMMENT": "Named by Colo Geographic Board; see Bangert 1986 for Ouray Bio.", "COUNTY": "Ouray", "LATITUDE": 38.0228, "LONGITUDE": -107.6714, "ObjectId": "25", "GlobalID": "{18958A58-4B50-4B82-B847-6A291AF2DD02}", "CreationDate": "2022-06-14 20:04:27", "Creator": "Seth.Greer_ucboulder", "EditDate": "2022-06-14 20:04:27", "Editor": "Seth.Greer_ucboulder" }, "geometry": { "type": "Point", "coordinates": [ -107.6714, 38.0228 ] } },
{ "type": "Feature", "properties": { "NAME": "Ouray Mountain", "NATIVE_AMERICAN_NAME": "", "MEANING": "Chiefs Name: Ute", "LOCATION": "Western Colorado", "TRIBE": "Ute", "COMMENT": "Named by Colo Geographic Board", "COUNTY": "Saguache", "LATITUDE": 38.4225, "LONGITUDE": -106.2253, "ObjectId": "26", "GlobalID": "{BC3D3F15-D506-4899-B420-7D8EEBBA52E1}", "CreationDate": "2022-06-14 20:04:27", "Creator": "Seth.Greer_ucboulder", "EditDate": "2022-06-14 20:04:27", "Editor": "Seth.Greer_ucboulder" }, "geometry": { "type": "Point", "coordinates": [ -106.2253, 38.4225 ] } },
{ "type": "Feature", "properties": { "NAME": "Ouray Peak", "NATIVE_AMERICAN_NAME": "", "MEANING": "Chiefs Name: Ute", "LOCATION": "Western Colorado", "TRIBE": "Ute", "COMMENT": "Named by Colo Geographic Board", "COUNTY": "Chaffee", "LATITUDE": 39.0542, "LONGITUDE": -106.565, "ObjectId": "27", "GlobalID": "{802CD0AB-371F-401A-B80B-CD8CE16FA0F2}", "CreationDate": "2022-06-14 20:04:27", "Creator": "Seth.Greer_ucboulder", "EditDate": "2022-06-14 20:04:27", "Editor": "Seth.Greer_ucboulder" }, "geometry": { "type": "Point", "coordinates": [ -106.565, 39.0542 ] } },
{ "type": "Feature", "properties": { "NAME": "O-Wi-Yu-Kuts Plateau", "NATIVE_AMERICAN_NAME": "", "MEANING": "Chiefs Name; he's not coming.  ", "LOCATION": "Western Colorado", "TRIBE": "Ute", "COMMENT": "Also spelled Awaiukut; Named by Colo Geographic Board", "COUNTY": "Moffat", "LATITUDE": 39.1, "LONGITUDE": -109.1, "ObjectId": "28", "GlobalID": "{CDB9B8EE-9E1E-4849-8C96-757EF8031F2C}", "CreationDate": "2022-06-14 20:04:27", "Creator": "Seth.Greer_ucboulder", "EditDate": "2022-06-14 20:04:27", "Editor": "Seth.Greer_ucboulder" }, "geometry": { "type": "Point", "coordinates": [ -109.1, 39.1 ] } },
{ "type": "Feature", "properties": { "NAME": "Pagosa Peak", "NATIVE_AMERICAN_NAME": "", "MEANING": "hot spring water", "LOCATION": "Southwest Colorado", "TRIBE": "Ute", "COMMENT": "", "COUNTY": "Archuleta", "LATITUDE": 37.443908, "LONGITUDE": -107.066752, "ObjectId": "29", "GlobalID": "{BF1AF5C1-C621-4C5B-9ED1-1E7B15CD5E08}", "CreationDate": "2022-06-14 20:04:27", "Creator": "Seth.Greer_ucboulder", "EditDate": "2022-06-14 20:04:27", "Editor": "Seth.Greer_ucboulder" }, "geometry": { "type": "Point", "coordinates": [ -107.066752, 37.443908 ] } },
{ "type": "Feature", "properties": { "NAME": "Pagosa Springs", "NATIVE_AMERICAN_NAME": "", "MEANING": "hot spring water", "LOCATION": "Southwest Colorado", "TRIBE": "Ute", "COMMENT": "", "COUNTY": "Archuleta", "LATITUDE": 37.2694, "LONGITUDE": -107.0098, "ObjectId": "30", "GlobalID": "{4DE68D7F-D71F-4599-82F9-E1CB6F358505}", "CreationDate": "2022-06-14 20:04:27", "Creator": "Seth.Greer_ucboulder", "EditDate": "2022-06-14 20:04:27", "Editor": "Seth.Greer_ucboulder" }, "geometry": { "type": "Point", "coordinates": [ -107.0098, 37.2694 ] } },
{ "type": "Feature", "properties": { "NAME": "Pahlone Peak", "NATIVE_AMERICAN_NAME": "", "MEANING": "thunder while raining", "LOCATION": "Central Colorado", "TRIBE": "Ute", "COMMENT": "Son of Chief Ouray", "COUNTY": "Chaffee", "LATITUDE": 38.4806, "LONGITUDE": -106.2581, "ObjectId": "31", "GlobalID": "{71BC40FB-C4AE-411A-B5BD-D42646BAAF72}", "CreationDate": "2022-06-14 20:04:27", "Creator": "Seth.Greer_ucboulder", "EditDate": "2022-06-14 20:04:27", "Editor": "Seth.Greer_ucboulder" }, "geometry": { "type": "Point", "coordinates": [ -106.2581, 38.4806 ] } },
{ "type": "Feature", "properties": { "NAME": "Rawah Peaks", "NATIVE_AMERICAN_NAME": "", "MEANING": "crest of a mountain ridge", "LOCATION": "Northern Colorado", "TRIBE": "Ute", "COMMENT": "", "COUNTY": "Larimer", "LATITUDE": 39.7639877, "LONGITUDE": -105.9497911, "ObjectId": "32", "GlobalID": "{45F66EAC-338C-4337-8AF6-423286B2198E}", "CreationDate": "2022-06-14 20:04:27", "Creator": "Seth.Greer_ucboulder", "EditDate": "2022-06-14 20:04:27", "Editor": "Seth.Greer_ucboulder" }, "geometry": { "type": "Point", "coordinates": [ -105.9497911, 39.7639877 ] } },
{ "type": "Feature", "properties": { "NAME": "Sapinero", "NATIVE_AMERICAN_NAME": "", "MEANING": "Chiefs Name; Brother-in-law of Chief Ouray", "LOCATION": "Central Colorado", "TRIBE": "Ute", "COMMENT": "Name could be Spanish; Named by Colo Geographic Board", "COUNTY": "Gunnison", "LATITUDE": 38.4594, "LONGITUDE": -107.3023, "ObjectId": "33", "GlobalID": "{FDF7727E-A730-485D-807B-C9A5876BAA19}", "CreationDate": "2022-06-14 20:04:27", "Creator": "Seth.Greer_ucboulder", "EditDate": "2022-06-14 20:04:27", "Editor": "Seth.Greer_ucboulder" }, "geometry": { "type": "Point", "coordinates": [ -107.3023, 38.4594 ] } },
{ "type": "Feature", "properties": { "NAME": "Tabeguache Peak", "NATIVE_AMERICAN_NAME": "", "MEANING": "Tribe Name for Northern Ute", "LOCATION": "Central Colorado", "TRIBE": "Ute", "COMMENT": "Named by Colo Geographic Board", "COUNTY": "Chaffee", "LATITUDE": 38.6253, "LONGITUDE": -106.2509, "ObjectId": "34", "GlobalID": "{29051FD8-39BB-4F35-BFC0-48FD765C5390}", "CreationDate": "2022-06-14 20:04:27", "Creator": "Seth.Greer_ucboulder", "EditDate": "2022-06-14 20:04:27", "Editor": "Seth.Greer_ucboulder" }, "geometry": { "type": "Point", "coordinates": [ -106.2509, 38.6253 ] } },
{ "type": "Feature", "properties": { "NAME": "Tabernash Town", "NATIVE_AMERICAN_NAME": "", "MEANING": "having a camp. ", "LOCATION": "Northern Colorado", "TRIBE": "Ute", "COMMENT": "Ute Indian killed here in 1879;  Named by local rancher", "COUNTY": "Grand", "LATITUDE": 39.98966346, "LONGITUDE": -105.8414945, "ObjectId": "35", "GlobalID": "{4165CC07-7C0E-4D06-A7C0-B72527112105}", "CreationDate": "2022-06-14 20:04:27", "Creator": "Seth.Greer_ucboulder", "EditDate": "2022-06-14 20:04:27", "Editor": "Seth.Greer_ucboulder" }, "geometry": { "type": "Point", "coordinates": [ -105.8414945, 39.9896635 ] } },
{ "type": "Feature", "properties": { "NAME": "Timpas ", "NATIVE_AMERICAN_NAME": "", "MEANING": "stone or iron", "LOCATION": "Eastern Colorqdo", "TRIBE": "Ute", "COMMENT": "May be Spanish, Paiute, or Ute", "COUNTY": "Otero", "LATITUDE": 37.8181, "LONGITUDE": -103.7741, "ObjectId": "36", "GlobalID": "{E580B26B-ACE2-4A68-8FC0-E209CF63BB27}", "CreationDate": "2022-06-14 20:04:27", "Creator": "Seth.Greer_ucboulder", "EditDate": "2022-06-14 20:04:27", "Editor": "Seth.Greer_ucboulder" }, "geometry": { "type": "Point", "coordinates": [ -103.7741, 37.8181 ] } },
{ "type": "Feature", "properties": { "NAME": "Toponas", "NATIVE_AMERICAN_NAME": "", "MEANING": "Meaning of word is unknown", "LOCATION": "Northwestern Colorado", "TRIBE": "Ute", "COMMENT": "", "COUNTY": "Routt", "LATITUDE": 40.0603, "LONGITUDE": -106.8081, "ObjectId": "37", "GlobalID": "{95AA4E78-5A4C-4E5C-AD7C-AD07AD7000F5}", "CreationDate": "2022-06-14 20:04:27", "Creator": "Seth.Greer_ucboulder", "EditDate": "2022-06-14 20:04:27", "Editor": "Seth.Greer_ucboulder" }, "geometry": { "type": "Point", "coordinates": [ -106.8081, 40.0603 ] } },
{ "type": "Feature", "properties": { "NAME": "Towaoc", "NATIVE_AMERICAN_NAME": "", "MEANING": "all right, its good, thank you", "LOCATION": "Southwest Colorado", "TRIBE": "Ute", "COMMENT": "Capitol of Ute Mountain Indian Reservation", "COUNTY": "Montezuma", "LATITUDE": 37.2044, "LONGITUDE": -108.7295, "ObjectId": "38", "GlobalID": "{64A0800D-576F-424A-B6B0-9A85DEF419D8}", "CreationDate": "2022-06-14 20:04:27", "Creator": "Seth.Greer_ucboulder", "EditDate": "2022-06-14 20:04:27", "Editor": "Seth.Greer_ucboulder" }, "geometry": { "type": "Point", "coordinates": [ -108.7295, 37.2044 ] } },
{ "type": "Feature", "properties": { "NAME": "Unaweep Canyon and Divide", "NATIVE_AMERICAN_NAME": "", "MEANING": "fire canyon", "LOCATION": "Western Colorado", "TRIBE": "Ute", "COMMENT": "", "COUNTY": "Mesa", "LATITUDE": 38.7906, "LONGITUDE": -108.655, "ObjectId": "39", "GlobalID": "{1215AF7F-BA8B-4AF0-B6BA-8C298A9B729C}", "CreationDate": "2022-06-14 20:04:27", "Creator": "Seth.Greer_ucboulder", "EditDate": "2022-06-14 20:04:27", "Editor": "Seth.Greer_ucboulder" }, "geometry": { "type": "Point", "coordinates": [ -108.655, 38.7906 ] } },
{ "type": "Feature", "properties": { "NAME": "Uncompahgre Peak", "NATIVE_AMERICAN_NAME": "", "MEANING": "red lake.  ", "LOCATION": "Western Colorado", "TRIBE": "Ute", "COMMENT": "Name recorded by Dominguez-Escalante in 1776", "COUNTY": "Hinsdale", "LATITUDE": 38.0717, "LONGITUDE": -107.462, "ObjectId": "40", "GlobalID": "{56E41B99-120A-446A-9CC1-6ADC1ED55EA8}", "CreationDate": "2022-06-14 20:04:27", "Creator": "Seth.Greer_ucboulder", "EditDate": "2022-06-14 20:04:27", "Editor": "Seth.Greer_ucboulder" }, "geometry": { "type": "Point", "coordinates": [ -107.462, 38.0717 ] } },
{ "type": "Feature", "properties": { "NAME": "Uneva", "NATIVE_AMERICAN_NAME": "", "MEANING": "mountainous country", "LOCATION": "Central Colorado", "TRIBE": "Ute", "COMMENT": "", "COUNTY": "Summit", "LATITUDE": 39.5572, "LONGITUDE": -106.1961, "ObjectId": "41", "GlobalID": "{502DCA28-07C5-4290-975C-F2D83B7F09A9}", "CreationDate": "2022-06-14 20:04:27", "Creator": "Seth.Greer_ucboulder", "EditDate": "2022-06-14 20:04:27", "Editor": "Seth.Greer_ucboulder" }, "geometry": { "type": "Point", "coordinates": [ -106.1961, 39.5572 ] } },
{ "type": "Feature", "properties": { "NAME": "Wasatch Mountain", "NATIVE_AMERICAN_NAME": "", "MEANING": "blue heron.", "LOCATION": "Western Colorado", "TRIBE": "Ute", "COMMENT": "Named by Colo Geographic Board", "COUNTY": "San Miguel", "LATITUDE": 37.89, "LONGITUDE": -107.7959, "ObjectId": "42", "GlobalID": "{9859BC07-C9AF-4D36-910E-240FCDE03796}", "CreationDate": "2022-06-14 20:04:27", "Creator": "Seth.Greer_ucboulder", "EditDate": "2022-06-14 20:04:27", "Editor": "Seth.Greer_ucboulder" }, "geometry": { "type": "Point", "coordinates": [ -107.7959, 37.89 ] } },
{ "type": "Feature", "properties": { "NAME": "Weminuche", "NATIVE_AMERICAN_NAME": "", "MEANING": "canyon people", "LOCATION": "Southwest Colorado", "TRIBE": "Ute", "COMMENT": "Weminuche Band of Ute; Weminuche Creek and Wilderness", "COUNTY": "Hinsdale", "LATITUDE": 37.4667, "LONGITUDE": -106.9789, "ObjectId": "43", "GlobalID": "{E8F1032E-FE73-4D19-9E0C-43363C33C3E0}", "CreationDate": "2022-06-14 20:04:27", "Creator": "Seth.Greer_ucboulder", "EditDate": "2022-06-14 20:04:27", "Editor": "Seth.Greer_ucboulder" }, "geometry": { "type": "Point", "coordinates": [ -106.9789, 37.4667 ] } },
{ "type": "Feature", "properties": { "NAME": "Yampa", "NATIVE_AMERICAN_NAME": "", "MEANING": "Name for plant Perideridia gairdneri", "LOCATION": "Western Colorado", "TRIBE": "Ute", "COMMENT": "Yampa River; Yampa/White River Band", "COUNTY": "Many", "LATITUDE": 40.1525, "LONGITUDE": -106.9087, "ObjectId": "44", "GlobalID": "{05EF7DEC-2067-443C-A50B-891A6B6B292D}", "CreationDate": "2022-06-14 20:04:27", "Creator": "Seth.Greer_ucboulder", "EditDate": "2022-06-14 20:04:27", "Editor": "Seth.Greer_ucboulder" }, "geometry": { "type": "Point", "coordinates": [ -106.9087, 40.1525 ] } }
]
}
